{
		"behind_you":
	[
		{"file":"sounds/system/behind_you.ogg","pitch":1.15,"volume":0.5},
		{"file":"sounds/system/behind_you.ogg","pitch":1.12,"volume":0.5},
		{"file":"sounds/system/behind_you.ogg","pitch":1.09,"volume":0.5},
		{"file":"sounds/system/behind_you.ogg","pitch":1.06,"volume":0.5},
		{"file":"sounds/system/behind_you.ogg","pitch":1.03,"volume":0.5},
		{"file":"sounds/system/behind_you.ogg","pitch":1.00,"volume":0.5},
		{"file":"sounds/system/behind_you.ogg","pitch":0.97,"volume":0.5},
		{"file":"sounds/system/behind_you.ogg","pitch":0.94,"volume":0.5},
		{"file":"sounds/system/behind_you.ogg","pitch":0.91,"volume":0.5},
		{"file":"sounds/system/behind_you.ogg","pitch":0.88,"volume":0.5},
		{"file":"sounds/system/behind_you.ogg","pitch":0.85,"volume":0.5},
	],
		"clock_is_ticking":
	[
		{"file":"sounds/system/clock_is_ticking.ogg","pitch":0.90,"volume":4},
		{"file":"sounds/system/clock_is_ticking.ogg","pitch":0.95,"volume":4},
		{"file":"sounds/system/clock_is_ticking.ogg","pitch":1.00,"volume":4},
		{"file":"sounds/system/clock_is_ticking.ogg","pitch":1.05,"volume":4},
		{"file":"sounds/system/clock_is_ticking.ogg","pitch":1.10,"volume":4},
	],
		"ethereal_travel":
	[
		{"file":"sounds/system/ethereal_travel_a.ogg","pitch":0.98,"volume":0.5},
		{"file":"sounds/system/ethereal_travel_a.ogg","pitch":1.00,"volume":0.5},
		{"file":"sounds/system/ethereal_travel_a.ogg","pitch":1.02,"volume":0.5},
		{"file":"sounds/system/ethereal_travel_b.ogg","pitch":0.98,"volume":0.5},
		{"file":"sounds/system/ethereal_travel_b.ogg","pitch":1.00,"volume":0.5},
		{"file":"sounds/system/ethereal_travel_b.ogg","pitch":1.02,"volume":0.5},
	],
}