name,id,flux/second,f/s (base rate),f/s (base cap),flux/use,f/u (base rate),f/u (base cap),cr/u,max uses,regen,charge up,active,down,cooldown,toggle,noDissipation,noHardDissipation,hardFlux,noFiring,noTurning,noStrafing,noAccel,noShield,noVent,isPhaseCloak,tags,icon
Flare Launcher,flarelauncher,,,,,,,,2,0.1,,,,2,,,,,,,,,,,,,graphics/icons/hullsys/flare_launcher.png
Active Flare Launcher,flarelauncher_active,,,,,,0.05,,,,,,,5,,,,,,,,,,,,,graphics/icons/hullsys/active_flare_launcher.png
Fortress Shield,fortressshield,,,0.025,,,,,,,0.5,10,0.5,3,TRUE,,,TRUE,TRUE,,,,,,,,graphics/icons/hullsys/fortress_shield.png
Recall Device,recalldevice,,,,,,0.5,,,,0.5,,0.5,10,,,,,,,,,,,,,graphics/icons/hullsys/recall_device.png
,,,,,,,,,,,,,,,,,,,,,,,,,,,
EMP Emitter,emp,1,,,,,0.2,,,,0.5,4,0.5,3,,,,,TRUE,,,,,,,,graphics/icons/hullsys/emp_emitter.png