id,name,cost mult,build time,income,upkeep,downgrade,upgrade,tags,data,image,plugin,desc,order,disruptDanger
population,Population & Infrastructure,,,,1,,,"population, unraidable, no_saturation_bombardment",,graphics/icons/industry/population.png,com.fs.starfarer.api.impl.campaign.econ.impl.PopulationAndInfrastructure,"The basic infrastructure required to support a given population, from rickety orbital hab-modules to megacities and everything between.",100,
farming,Farming,15,60,,3,,,"farming, industry, rural",,graphics/icons/industry/farming.png,com.fs.starfarer.api.impl.campaign.econ.impl.Farming,"Agriculture is a trade and technology as old as civilization itself; for thousands of cycles Humanity has harnessed the power of natural, modified, and artificial biological machines for sustenance. So it has always been, so it shall be so long as humans are human.",200,LOW
techmining,Tech-Mining,30,45,10,,,,"techmining, industry, industrial",,graphics/icons/industry/techmining.png,com.fs.starfarer.api.impl.campaign.econ.impl.TechMining,"Techmining is the motley art of recovering valuable artifacts from Domain ruins. Requires special tools to deal with unique hazards and expert judgement to know where to look for a good haul of baubles. The oldest techminers are a strange lot, clutching luck-charms and refusing to work without their rituals.",400,MEDIUM
refining,Refining,45,90,,8,,,"refining, industry, industrial",,graphics/icons/industry/refining.png,com.fs.starfarer.api.impl.campaign.econ.impl.Refining,"Smelting plants here convert ores and transplutonic ores into metals and transplutonics, respectively. Teleoperated robotics are used to handle the most dangerous tasks, usually.",500,MEDIUM
lightindustry,Light Industry,45,90,,3,,,"lightindustry, industry, rural",,graphics/icons/industry/light_industry.png,com.fs.starfarer.api.impl.campaign.econ.impl.LightIndustry,Produces domestic and luxury goods. One of the few industries relatively unaffected by the Collapse due to its low-tech nature.,1400,MEDIUM