id,name,cost mult,build time,income,upkeep,downgrade,upgrade,tags,data,image,plugin,desc,order,disruptDanger
population,Population & Infrastructure,,,5,6,,,"population, unraidable, no_saturation_bombardment",,graphics/icons/industry/population.png,com.fs.starfarer.api.impl.campaign.econ.impl.PopulationAndInfrastructure,"The basic infrastructure required to support a given population, from rickety orbital hab-modules to megacities and everything between.",100,
farming,Farming,15,60,,3,,,"farming, industry, rural",,graphics/icons/industry/farming.png,com.fs.starfarer.api.impl.campaign.econ.impl.Farming,"Agriculture is a trade and technology as old as civilization itself; for thousands of cycles Humanity has harnessed the power of natural, modified, and artificial biological machines for sustenance. So it has always been, so it shall be so long as humans are human.",200,LOW
techmining,Tech-Mining,30,45,5,2,,,"techmining, industry, industrial",,graphics/icons/industry/techmining.png,com.fs.starfarer.api.impl.campaign.econ.impl.TechMining,"Techmining is the motley art of recovering valuable artifacts from Domain ruins. Requires special tools to deal with unique hazards and expert judgement to know where to look for a good haul of baubles. The oldest techminers are a strange lot, clutching luck-charms and refusing to work without their rituals.",400,MEDIUM
refining,Refining,45,90,,8,,,"refining, industry, industrial",,graphics/icons/industry/refining.png,com.fs.starfarer.api.impl.campaign.econ.impl.Refining,"Smelting plants here convert ores and transplutonic ores into metals and transplutonics, respectively. Teleoperated robotics are used to handle the most dangerous tasks, usually.",500,MEDIUM
lightindustry,Light Industry,45,90,,3,,,"lightindustry, industry, rural",,graphics/icons/industry/light_industry.png,com.fs.starfarer.api.impl.campaign.econ.impl.LightIndustry,Produces domestic and luxury goods. One of the few industries relatively unaffected by the Collapse due to its low-tech nature.,1400,MEDIUM
commerce,Commerce,90,90,5,,,,"industry, urban",,graphics/icons/industry/commerce.png,com.fs.starfarer.api.impl.campaign.econ.impl.TradeCenter,"Regulations, grants, and infrastructure to encourage thriving independent trade. Greatly reduces the degree of direct control the administration has over the colony.",1950,MEDIUM
,,,,,,,,,,,,,,
planetaryshield,Planetary Shield,150,90,,12,,,"grounddefenses, structure",,graphics/icons/industry/planetary_shield.png,com.fs.starfarer.api.impl.campaign.econ.impl.PlanetaryShield,An envelope of charged plasma seeded with exotic virtual particles producing effects which disrupt the combat effectiveness of long-range bombardment and even incursion by small vessels. The planetary shield can be continually charged and controlled by a central source and presents a formidable obstacle to any form of ground assault.,2700,EXTREME
,,,,,,,,,,,,,,
orbitalstation,Orbital Station - Low Tech,50,90,,6,,battlestation,"station, sub_item, unraidable, structure","{
radius:55,
variant:station1_Standard,
fleetName:Orbital Station,
}",graphics/icons/industry/orbital_station.png,com.fs.starfarer.api.impl.campaign.econ.impl.OrbitalStation,"A low-tech space station, featuring heavy armor and medium firepower.

Must be reduced before a bombardment can be attempted.",2010,
battlestation,Battlestation - Low Tech,100,120,,8,orbitalstation,starfortress,"station, battlestation, unraidable, structure","{
radius:65,
variant:station2_Standard,
fleetName:Battlestation,
}",graphics/icons/industry/battlestation.png,com.fs.starfarer.api.impl.campaign.econ.impl.OrbitalStation,"A space station, augmented with a heavy bastion and point-defense citadels.

Must be reduced before a bombardment can be attempted.",2020,
starfortress,Star Fortress - Low Tech,200,180,,10,battlestation,,"station, starfortress, unraidable, structure","{
radius:70,
variant:station3_Standard,
fleetName:Star Fortress
}",graphics/icons/industry/battlestation.png,com.fs.starfarer.api.impl.campaign.econ.impl.OrbitalStation,"An up-armored battlestation, featuring Merlon-class defense drones and an extensive minefield.

Must be reduced before a bombardment can be attempted.",2030,
orbitalstation_mid,Orbital Station - Midline,50,90,,6,,battlestation_mid,"station, sub_item, unraidable, structure","{
radius:55,
variant:station1_midline_Standard,
fleetName:Orbital Station,
}",graphics/icons/industry/orbital_station.png,com.fs.starfarer.api.impl.campaign.econ.impl.OrbitalStation,"A midline space station, featuring heavy firepower on one side and rapid axial rotation.

Must be reduced before a bombardment can be attempted.",2040,
battlestation_mid,Battlestation - Midline,100,120,,8,orbitalstation_mid,starfortress_mid,"station, battlestation, unraidable, structure","{
radius:65,
variant:station2_midline_Standard,
fleetName:Battlestation,
}",graphics/icons/industry/battlestation.png,com.fs.starfarer.api.impl.campaign.econ.impl.OrbitalStation,"A space station, augmented with missile support modules.

Must be reduced before a bombardment can be attempted.",2050,
starfortress_mid,Star Fortress - Midline,200,180,,10,battlestation_mid,,"station, starfortress, unraidable, structure","{
radius:70,
variant:station3_midline_Standard,
fleetName:Star Fortress
}",graphics/icons/industry/battlestation.png,com.fs.starfarer.api.impl.campaign.econ.impl.OrbitalStation,"An up-armored battlestation, featuring Ravelin-class defense drones and an extensive minefield.

Must be reduced before a bombardment can be attempted.",2060,
orbitalstation_high,Orbital Station - High Tech,50,90,,6,,battlestation_high,"station, sub_item, unraidable, structure","{
radius:55,
variant:station1_hightech_Standard,
fleetName:Orbital Station,
}",graphics/icons/industry/orbital_station.png,com.fs.starfarer.api.impl.campaign.econ.impl.OrbitalStation,"A high-tech space station, featuring heavy rotating shields, a fighter complement, and medium firepower.

Must be reduced before a bombardment can be attempted.",2070,
battlestation_high,Battlestation - High Tech,100,120,,8,orbitalstation_high,starfortress_high,"station, battlestation, unraidable, structure","{
radius:65,
variant:station2_hightech_Standard,
fleetName:Battlestation,
}",graphics/icons/industry/battlestation.png,com.fs.starfarer.api.impl.campaign.econ.impl.OrbitalStation,"A space station, augmented with a defensive citadel featuring heavy firepower.

Must be reduced before a bombardment can be attempted.",2080,
starfortress_high,Star Fortress - High Tech,200,180,,10,battlestation_high,,"station, starfortress, unraidable, structure","{
radius:70,
variant:station3_hightech_Standard,
fleetName:Star Fortress
}",graphics/icons/industry/battlestation.png,com.fs.starfarer.api.impl.campaign.econ.impl.OrbitalStation,"An up-armored battlestation, featuring Gargoyle-class defense drones and long-range targeted mine teleporters.

Must be reduced before a bombardment can be attempted.",2090,
,,,,,,,,,,,,,,
waystation,Waystation,20,60,,4,,,"waystation, structure",,graphics/icons/industry/waystation.png,com.fs.starfarer.api.impl.campaign.econ.impl.Waystation,A supply and maintenance depot for interstellar fleets. Increases a colony's accessibility.,155,MEDIUM