id,rating,detection_range,type,autoXP,xpDiscover,xpSalvage,tags,drop_value,drop_random,defFaction,defQuality,probDefenders,minStr,maxStr,minSize,maxSize,probStation,stationRole
derelict_probe,0.25,1700,DISCOVERABLE,700,500,1500,,basic:25000,"ai_cores1:6,
extended:4x3000",derelict,0,0.75,9,60,,2,,
derelict_survey_ship,0.5,2700,DISCOVERABLE,1200,2000,6000,,basic:30000,"ai_cores2:10,
ai_cores3:2,
extended:12x5000,
rare_tech_low:4",derelict,0.5,0.75,21,120,,3,,
derelict_mothership,1,3500,DISCOVERABLE,2200,5000,20000,,basic:150000,"ai_cores3:10,
extended:20x15000,
rare_tech_mothership:2",derelict,1,1,125,200,,3,1,derelictMothership
,,,,,,,,,,,,,,,,,,
technology_cache,0,1200,DISCOVERABLE,200,,,no_debris,,,remnant,1,1,100,140,,3,,
red_planet,0,,,,,,not_a_custom_entity,,,remnant,1,1,100,120,,3,,
limbo_mining_station,0,,,,,,not_a_custom_entity,machinery:10000,,derelict,0,1,70,100,,3,,
large_cache,0.5,2000,DISCOVERABLE,1200,,,no_debris,,,,,,,,,,,
limbo_wormhole_cache,0,,,,,,not_a_custom_entity,,,derelict,0.5,1,120,140,,4,,
alpha_site_weapons_cache,0,1200,DISCOVERABLE,200,5000,15000,no_debris,,"omega_weapons_small:12-16,
omega_weapons_medium:4-8,
omega_weapons_large:1-2,",remnant,1,1,60,60,2,2,,
,,,,,,,,,,,,,,,,,,
ruins_scattered,0.25,,,700,,700,"not_a_custom_entity, no_debris, no_remove",basic:4000,"extended:20x3000,
hab_bulk:2x12000,
blueprints_low:0.125,
rare_tech_low:0.0125,
ai_cores3:0.125,
any_hullmod_low:0.125,
weapons2:2.5,
omega_crap:2,
techmining_first_find:.625,",omega,1,0.1,40,80,,,,
ruins_widespread,0.5,,,1200,,1200,"not_a_custom_entity, no_debris, no_remove",basic:8000,"extended:20x5000,
hab_bulk:2x20000,
blueprints_low:0.25,
rare_tech_low:0.025,
ai_cores3:0.25,
any_hullmod_low:0.25,
weapons2:2.10,
omega_crap:4,
techmining_first_find:1.25,",omega,1,0.1,40,80,,,,
ruins_extensive,0.75,,,1700,,1700,"not_a_custom_entity, no_debris, no_remove",basic:16000,"extended:20x10000,
hab_bulk:2x50000,
blueprints_low:0.5,
rare_tech_low:0.05,
ai_cores3:0.5,
any_hullmod_low:0.5,
weapons2:10,
omega_crap:4,
techmining_first_find:2.5,",omega,1,0.1,40,80,,,,
ruins_vast,1,,,2200,,2200,"not_a_custom_entity, no_debris, no_remove",basic:32000,"extended:20x20000,
hab_bulk:2x100000,
blueprints_low:1,
rare_tech_low:0.1,
ai_cores3:1,
any_hullmod_low:1,
weapons2:10,
omega_crap:8,
techmining_first_find:5,",omega,1,0.1,40,80,,,,
,,,,,,,,,,,,,,,,,,
station_research,1,2200,DISCOVERABLE,2200,1000,3000,,basic:8000,"weapons2:20,
any_hullmod_high:5,
blueprints_low:10,
rare_tech_low:2,
package_bp:2",omega,1,0.1,40,80,,,,
station_mining,0.75,2200,DISCOVERABLE,1700,1000,3000,,basic:5000,"mining_station:5x3000,
mining_bulk:1x150000,
any_hullmod_medium:3,
rare_tech_low:4,
package_bp:2",omega,1,0.1,40,80,,,,
orbital_habitat,0.25,1700,DISCOVERABLE,700,,,,basic:10000,"goods:5x5000,
hab_bulk:1x50000",omega,1,0.1,40,80,,,,