name,id,tier,rarity,base value,range,damage/second,damage/shot,emp,impact,turn rate,OPs,ammo,ammo/sec,reload size,type,energy/shot,energy/second,chargeup,chargedown,burst size,burst delay,min spread,max spread,spread/shot,spread decay/sec,beam speed,proj speed,launch speed,flight time,proj hitpoints,autofireAccBonus,extraArcForAI,hints,tags,groupTag,tech/manufacturer,for weapon tooltip>>,primaryRoleStr,speedStr,trackingStr,turnRateStr,accuracyStr,customPrimary,customPrimaryHL,customAncillary,customAncillaryHL,noDPSInTooltip,number
Decoy Flare Launcher,flarelauncher2,,,,800,,10,0,,,,,0,,ENERGY,0,0,0,0.1,6,0.4,30,30,0,0,,200,100,5,100,,,SYSTEM,,,,,,,,,,,,,,,37
Decoy Flare Launcher (Single),flarelauncher21,,,,800,,10,0,,,,,0,,ENERGY,0,0,0,0.1,2,,30,30,0,0,,200,100,5,100,,,SYSTEM,,,,,,,,,,,,,,,37
Flare Launcher 1,flarelauncher1,,,,1600,,50,200,,,,,0,,ENERGY,0,0,0,0.1,20,0.1,60,120,3,120,,150,300,3,100,,,SYSTEM,,,,,,,,,,,,,,,36
Seeker Flare Launcher,flarelauncher3,,,,2000,,50,400,,,,,0,,ENERGY,0,0,0,0.1,3,0.1,90,90,0,0,,400,200,7,500,,,SYSTEM,,,,,,,,,,,,,,,38
Minelayer,minelayer1,0,,200000,1000,,4000,,25,30,12,30,,,HIGH_EXPLOSIVE,0,,0,3,1,,0,0,0,0,,50,50,20,1000,,,SYSTEM,,,,,,,,,,,,,,,38.5
Heavy Minelayer,minelayer2,0,,200000,1000,,4000,,25,30,12,30,,,HIGH_EXPLOSIVE,0,,0,3,1,,0,0,0,0,,50,50,20,1000,,,SYSTEM,,,,,,,,,,,,,,,38.7
Canister Flak,canister_flak,,,,400,,400,,,,,,0,,HIGH_EXPLOSIVE,0,0,0,0.1,10,0.5,150,150,0,0,,100,400,2,100,,,SYSTEM,,,,,,,,,,,,,,,35.5
,,,,,,,,,,,,,,,,,,,,,,,,,,,,,,,,,,,,,,,,,,,,,,,,
Standard Bomb Bay,bomb,1,,200,2000,,400,,50,15,4,5,,,HIGH_EXPLOSIVE,0,,0,0.5,1,,0,0,0,0,,170,20,25,300,,,"STRIKE, BOMB","he0, no_sell, no_drop, no_drop_salvage",,,,Strike,,,,,,,,,TRUE,3.5
Phase Charge Launcher,phasecl,2,,1500,1000,,1000,,25,30,12,30,,,HIGH_EXPLOSIVE,0,,0,2,1,,20,20,0,0,,100,400,4,500,,,ANTI_FTR,"strike12, rare_bp, merc, ind",,,,Pressure / Anti Fighter,Very Slow,None,,,"Not affected by missile speed, acceleration, and flight time modifiers.",,,,,13
Phase Charge Launcher,phasecl_bomber,2,,1500,1000,,1000,,25,30,12,3,,,HIGH_EXPLOSIVE,0,,0,2,1,,20,20,0,0,,100,400,4,500,,,"SYSTEM,STRIKE,BOMB",strike12,,,,Strike,Very Slow,None,,,,,,,,13.5
,,,,,,,,,,,,,,,,,,,,,,,,,,,,,,,,,,,,,,,,,,,,,,,,
Light Assault Gun,lightag,1,,300,800,,50,,3,40,5,,,,HIGH_EXPLOSIVE,40,,0,0.25,1,,0,5,1,5,,800,,,30,,,,"he6, lowtech_bp, midline_bp, merc, ind",,,,Anti Armor,,,,,,,,,,3
Light Mortar,lightmortar,0,,75,700,,75,,4,30,2,,,,HIGH_EXPLOSIVE,50,,0,0.5,1,,0,15,3,10,,500,,,10,,,,"he6, base_bp, ind",,,,Anti Armor,,,,,,,,,,0.75
Light Autocannon,lightac,0,,125,800,,50,,3,20,4,,,,KINETIC,40,,0,0.5,1,,0,4,1,7.5,,800,,,20,,,,"kinetic6, base_bp, merc, ind",,,,Anti Shield,,,,,,,,,,2
Light Dual Autocannon,lightdualac,1,,300,700,,50,,3,20,5,,,,KINETIC,40,,0,0.4,2,0.1,0,10,1.5,4.5,,800,,,20,,,,"kinetic7, lowtech_bp, midline_bp, merc, ind",,,,Anti Shield,,,,,,,,,,2.5
Railgun,railgun,2,0.5,600,800,,100,,10,30,7,,,,KINETIC,90,,0.6,0,1,,,,,,,1000,,,50,,,,"kinetic8, remnant, rare_bp, hist1t, merc, ind",,,,Anti Shield,,,,,,,,,,3.75
Light Needler,lightneedler,3,0.3,800,800,,50,,1,20,8,,,,KINETIC,40,,0,4.3,15,0.05,0,5,0.33,2.5,,1200,,,10,,,,"kinetic9, remnant, rare_bp, hist1t, merc, ind",,,,Anti Shield,,,,,,,,,,3.65
,,,,,,,,,,,,,,,,,,,,,,,,,,,,,,,,,,,,,,,,,,,,,,,,
Storm Needler,multineedler,3,0.4,6500,900,,50,,20,15,28,,,,KINETIC,40,,0,0.1,1,,0,2.5,0.125,2.5,,1200,,,20,,,,"kinetic19, remnant, rare_bp, hist1t, merc, ind",,,,Anti Shield,,,,,,,,,,8.5
Plasma Cannon,plasma,3,,7500,700,,1000,,,20,30,,,,ENERGY,1100,,0.66,2.02,3,0.66,,,,,,500,,,500,,,"STRIKE, USE_VS_FRIGATES","energy20, rare_bp, hist1t, merc, ind",,,,General,,,,,The targeting system is incapable of tracking fighters when on local/automatic control.,,,,,23
Hephaestus Assault Gun,hephag,1,,4000,900,,150,,5,20,20,,,,HIGH_EXPLOSIVE,120,,0,0.3,1,,0,10,2,5,,800,,,50,,,,"he18, lowtech_bp, midline_bp, merc, ind",,,,Anti Armor,,,,,,,,,,7
Devastator Cannon,devastator,1,,3500,900,,200,,40,12,20,,,,HIGH_EXPLOSIVE,100,,0,2,12,0.1,5,30,5,5,,700,,,100,,,"PD,PD_ALSO","he16, pd17, lowtech_bp, merc, ind",,,,Anti Fighter (Area),,,,,"Each shell has a fuse set to explode at a random distance, resulting in a barrage that's increasingly more deadly at closer ranges.

Will target missiles if no other targets are in range.",,,,,7.4
Hellbore Cannon,hellbore,0,,3000,900,,750,,200,5,16,,,,HIGH_EXPLOSIVE,750,,0,3,1,,0,10,5,10,,750,,,400,,,,"he18, lowtech_bp, merc, ind",,,,Anti Armor,,,,,,,,,,8
Mark IX Autocannon,mark9,0,,3000,900,,200,,20,10,18,,,,KINETIC,200,,0,2,4,0.1,0,7.5,1,5,,800,,,100,,,,"kinetic18, base_bp, merc, ind",,,,Anti Shield,,,,,,,,,,7.25
,,,,,,,,,,,,,,,,,,,,,,,,,,,,,,,,,,,,,,,,,,,,,,,,
Hypervelocity Driver,hveldriver,3,0.3,2250,800,,275,400,40,10,13,,,,KINETIC,350,,0,1,1,,,,,,,1000,,,300,,,,"kinetic15, remnant, rare_bp, merc, ind",,,,Anti Shield,,,,,,,,,,5.5
Heavy Mauler,heavymauler,3,0.3,2000,800,,200,,10,20,12,,,,HIGH_EXPLOSIVE,200,,0,2.2,3,0.15,0,5,1,10,,900,,,30,,,,"he16, remnant, rare_bp, merc, ind",,,,Anti Armor,,,,,,,,,,4.75
,,,,,,,,,,,,,,,,,,,,,,,,,,,,,,,,,,,,,,,,,,,,,,,,
Arbalest Autocannon,arbalest,0,,800,800,,200,,10,12,8,,,,KINETIC,150,,0,1.2,1,,0,7.5,2.5,5,,800,,,30,,,,"kinetic12, base_bp, ind",,,,Anti Shield,,,,,,,,,,4.125
Heavy Autocannon,heavyac,1,,1000,900,,100,,10,7,10,,,,KINETIC,90,,0,1,3,0.2,0,9,1.5,5,,800,,,30,,,,"kinetic14, lowtech_bp, merc, ind",,,,Anti Shield,,,,,,,,,,5
Heavy Needler,heavyneedler,3,0.3,2500,800,,50,,1,15,15,,,,KINETIC,40,,0,4.55,30,0.05,1,5,0.25,2.5,,1200,,,10,,,,"kinetic15, remnant, rare_bp, hist1t, merc, ind",,,,Anti Shield,,,,,,,,,,5.75
Thumper,shredder,0,,700,800,,100,,1,25,7,120,5,20,FRAGMENTATION,25,,0,0.55,20,0.05,0,3.5,0.5,10,,800,,,30,,,,"kinetic8, base_bp, ind",,,,General,,,,,,,,,,3.8
Assault Chaingun,chaingun,1,,1000,600,,75,,3,30,10,,,,HIGH_EXPLOSIVE,60,,0,0.15,1,,0,20,1,10,,800,,,30,,,,"he15, SR, lowtech_bp, midline_bp, merc, ind",,,,Anti Armor,,,,,,,,,,4.5
Heavy Mortar,heavymortar,0,,600,700,,110,,12,30,7,,,,HIGH_EXPLOSIVE,90,,0,0.85,4,0.15,0,20,5,5,,500,,,30,,,,"he14, base_bp, merc, ind",,,,Anti Armor,,,,,,,,,,3.9
Gauss Cannon,gauss,3,,5000,1200,,1000,,300,3,25,,,,KINETIC,1200,,1,1,,,,,,,,1200,,,400,,,,"kinetic20, remnant, rare_bp, hist1t, merc, ind",,,,Anti Shield,,,,,,,,,,6
Mjolnir Cannon,mjolnir,2,0.4,6000,900,,500,500,10,25,24,,,,ENERGY,600,,0,0.75,1,,0,2.5,0.5,5,,900,,,75,,,,"energy20, remnant, rare_bp, hist1t, merc, ind",,,,General,,,,,,,,,,7.5
,,,,,,,,,,,,,,,,,,,,,,,,,,,,,,,,,,,,,,,,,,,,,,,,
Harpoon MRM,harpoon,1,,200,2500,,1000,,15,30,4,3,,,HIGH_EXPLOSIVE,0,,0,1,1,,0,0,0,,,300,100,18.75,150,,,DO_NOT_AIM,"utility8, strike3, missile_bp, merc, ind",,,,Finisher,Medium,Medium,,,,,,,TRUE,11.5
Harpoon MRM (Double),harpoon_single,0,,100,2500,,1000,,15,30,2,2,,,HIGH_EXPLOSIVE,0,,0,10,1,,0,0,0,,,300,100,18.75,150,,,DO_NOT_AIM,"utility6, strike1, base_bp, ind",,,,Finisher,Medium,Medium,,,,,,,TRUE,11.6125
Harpoon MRM Pod,harpoonpod,1,,1200,2500,,1000,,15,10,10,12,,,HIGH_EXPLOSIVE,0,,0,8.25,2,0.25,0,0,0,,,300,100,18.75,150,,,DO_NOT_AIM,"utility12, strike9, missile_bp, merc, ind",,,,Finisher,Medium,Medium,,,,,,,TRUE,12
,,,,,,,,,,,,,,,,,,,,,,,,,,,,,,,,,,,,,,,,,,,,,,,,
Sabot SRM,sabot,1,,200,1200,,100,,15,30,4,3,,,KINETIC,0,,0,1,1,,0,0,0,0,,150,50,12,300,,,GUIDED_POOR,"missile8, strike2, missile_bp, merc, ind",,,,Anti Shield,Slow,Poor,,,"Submunition hits on hull or armor have a %s chance to arc to weapons and engines, dealing %s EMP damage.",25% | 200,,,TRUE,11.75
Sabot SRM (Double),sabot_single,0,,100,1200,,100,,15,30,2,2,,,KINETIC,0,,0,10,1,,0,0,0,0,,150,50,12,300,,,GUIDED_POOR,"missile6, strike0, base_bp, ind",,,,Anti Shield,Slow,Poor,,,"Submunition hits on hull or armor have a %s chance to arc to weapons and engines, dealing %s EMP damage.",25% | 200,,,TRUE,11.85
Sabot SRM (Single),sabot_fighter,0,,100,1200,,100,,15,30,1,1,,,KINETIC,0,,0,1,1,,0,0,0,0,,150,50,12,300,,,"GUIDED_POOR, SYSTEM","missile6, strike0",,,,Anti Shield,Slow,Poor,,,"Submunition hits on hull or armor have a %s chance to arc to weapons and engines, dealing %s EMP damage.",25% | 200,,,TRUE,11.85
,,,,,,,,,,,,,,,,,,,,,,,,,,,,,,,,,,,,,,,,,,,,,,,,
Atropos-class Torpedo Rack,atropos,2,0.5,600,1500,,1500,,40,10,3,2,,,HIGH_EXPLOSIVE,0,,0,1,1,,0,0,0,0,,400,150,6,300,,,GUIDED_POOR,"strike9, missile1, missile_bp, merc, ind, reload_3pt",,,,Torpedo,Fast,Good,,,,,,,TRUE,9.5
Atropos-class Torpedo (Single),atropos_single,2,0.5,300,1500,,1500,,40,10,1,1,,,HIGH_EXPLOSIVE,0,,0,1,1,,0,0,0,0,,400,150,6,300,,,GUIDED_POOR,"strike7, missile0, base_bp, ind, reload_1_and_a_half_pt",,,,Torpedo,Fast,Good,,,,,,,TRUE,9.75
Terminator Missile Conversion,terminator_missile,3,,0,1500,,2400,1200,200,0,0,1,,,ENERGY,0,,0,1,1,,0,0,0,0,,400,0,10,100000,,,"DIRECT_AIM, STRIKE, SYSTEM",restricted,,,,Missile,Fast,Medium,,,,,,,TRUE,41
,,,,,,,,,,,,,,,,,,,,,,,,,,,,,,,,,,,,,,,,,,,,,,,,
Graviton Beam,gravitonbeam,2,,1500,800,200,,,,15,9,,,,KINETIC,,150,0.1,0.1,,,,,,,2400,,,,,,,,"beam12, kinetic11, hightech_bp, midline_bp, merc, ind",,,,Suppression,,,,,,,,,,21
Tactical Laser,taclaser,1,,200,800,150,,,0,20,4,,,,ENERGY,,120,0.1,0.1,,,,,,,2400,,,,,,,,"beam9, hightech_bp, midline_bp, merc, ind",,,,General,,,,,,,,,,18
High Intensity Laser,hil,1,,4500,800,1000,,,0,5,20,,,,HIGH_EXPLOSIVE,,800,0.1,0.1,,,,,,,2400,,,,,,,,"beam20, hightech_bp, merc, ind",,,,Anti Armor,,,,,,,,,,24
IR Autolance,irautolance,1,,1200,800,1000,,,0,25,8,80,2,10,FRAGMENTATION,,300,0.1,0.1,0.1,0,,,,,1000000,,,,,,,USE_LESS_VS_SHIELDS,"beam12, rare_bp, merc, ind",,,,General,,,,,,,,,,21.5
,,,,,,,,,,,,,,,,,,,,,,,,,,,,,,,,,,,,,,,,,,,,,,,,
Ion Beam,ionbeam,3,0.5,2500,800,100,,800,0,15,12,,,,ENERGY,,150,0.1,0.1,,,,,,,2400,,,,,,,,"beam14, rare_bp, hist1t, merc, ind",,,,Suppression,,,,,"Hits on hull or armor periodically arc to weapons and engines, dealing extra EMP and energy damage. Hits on shields have a chance to generate a shield-penetrating arc based on the target's hard flux level.",,,,,22.85
Phase Lance,phasebeam,1,,1500,800,1600,,,0,20,10,,,,ENERGY,,2400,0.25,0.5,1,4,,,,,3200,,,,,,,,"beam14, rare_bp, merc, ind",,,,General,,,,,,,,,,20
Tachyon Lance,tachyonlance,3,0.5,8000,800,3000,,2000,0,7,25,,,,ENERGY,,4000,0.5,1,1,4,,,,,10000,,,,,,,,"beam25, rare_bp, hist1t, merc, ind",,,,Suppression,,,,,"Hits on hull or armor frequently arc to weapons and engines, dealing extra EMP and energy damage. Hits on shields have a chance to generate a shield-penetrating arc based on the target's hard flux level.",,,,,27
,,,,,,,,,,,,,,,,,,,,,,,,,,,,,,,,,,,,,,,,,,,,,,,,
Mining Laser,mininglaser,0,,100,600,60,,,0,80,1,,,,ENERGY,,20,,0.25,,,,,,,2400,,,,,,,PD,"pd5, base_bp, ind",,,,Point Defense,,,,,,,,,,16.5
PD Laser,pdlaser,1,,200,400,150,,,0,100,4,,,,ENERGY,,80,,0.25,,,,,,,2400,,,,,,,PD,"pd7, hightech_bp, midline_bp, merc, ind",,,,Point Defense,,,,,,,,,,17
LR PD Laser,lrpdlaser,2,,400,800,100,,,0,100,4,,,,ENERGY,,60,,0.25,,,,,,,3600,,,,,,,PD,"pd7, hightech_bp, midline_bp, merc, ind",,,,Point Defense,,,,,,,,,,19.5
Heavy Burst Laser,heavyburst,2,,2000,600,450,,,0,80,9,12,0.5,,ENERGY,,300,0.1,0.1,0.6,0.1,,,,,10000,,,,,,,PD,"pd15, rare_bp, merc, ind",,,,Point Defense,,,,,,,,,,22.5
Burst PD Laser,pdburst,2,,600,500,350,,,0,100,6,8,0.5,,ENERGY,,200,0.1,0.1,0.6,0.1,,,,,10000,,,,,,,PD,"pd9, rare_bp, merc, ind",,,,Point Defense,,,,,,,,,,19.6
Burst PD Laser (High Delay),pdburst_fighter,2,,600,500,350,,,0,100,6,4,0.25,,ENERGY,,200,0.1,0.1,0.6,0.1,,,,,10000,,,,,,,"PD, SYSTEM",pd9,,,,Point Defense,,,,,,,,,,19.7
,,,,,,,,,,,,,,,,,,,,,,,,,,,,,,,,,,,,,,,,,,,,,,,,
Breach SRM,breach,1,,200,1500,,300,,15,10,3,15,,,HIGH_EXPLOSIVE,0,,0,9,3,0.5,0,0,0,,,400,50,7.5,450,,,DO_NOT_AIM,"missile7, base_bp, merc, ind",,,,Anti Armor,Fast,Good,,,Each missile deals an additional %s damage to armor. This damage is not reduced by armor.,250,,,TRUE,11.7
Breach SRM Pod,breachpod,1,,1200,1500,,300,,15,10,10,50,,,HIGH_EXPLOSIVE,0,,0,9,5,0.25,0,0,0,,,400,50,7.5,450,,,DO_NOT_AIM,"missile13, rare_bp, merc, ind",,,,Anti Armor,Fast,Good,,,Each missile deals an additional %s damage to armor. This damage is not reduced by armor.,250,,,TRUE,12.25
,,,,,,,,,,,,,,,,,,,,,,,,,,,,,,,,,,,,,,,,,,,,,,,,
Heavy Machine Gun,heavymg,2,,1200,400,,80,,3,40,10,,,,KINETIC,30,,0,0.2,4,0.1,0,5,1,15,,700,,,30,,,"PD, PD_ALSO","kinetic12, SR, midline_bp, merc, ind",,,,Point Defense,,,,,,,,,,3.85
Light Machine Gun,lightmg,0,,100,400,,25,,1,50,3,,,,KINETIC,3,,0,0.4,5,0.1,0,5,1,15,,600,,,10,,,PD,"kinetic6, SR, pd6, base_bp, merc, ind",,,,Point Defense,,,,,,,,,,0.5
Light Dual Machine Gun,lightdualmg,2,,400,400,,25,,1,50,5,,,,KINETIC,3,,0,0.2,5,0.1,0,5,1,15,,600,,,10,,,PD,"kinetic7, SR, pd7, lowtech_bp, merc, ind",,,,Point Defense,,,,,,,,,,0.7
Vulcan Cannon,vulcan,1,,200,500,,25,,1,75,4,,,,FRAGMENTATION,1,,0,0.05,1,,0,15,1,15,,800,,,10,,,PD,"pd7, lowtech_bp, merc, ind",,,,Point Defense,,,,,,,,,,1
Dual Flak Cannon,dualflak,2,,1400,500,,150,,10,60,12,,,,FRAGMENTATION,50,,0,0.5,1,,0,10,2,10,,700,,,30,,,PD,"pd15, rare_bp, merc, ind",,,,Point Defense (Area),,,,,,,,,,4.25
Flak Cannon,flak,1,,1000,500,,200,,10,40,8,,,,FRAGMENTATION,50,,0,1,1,,0,10,2,10,,700,,,30,,,PD,"pd13, lowtech_bp, merc, ind",,,,Point Defense (Area),,,,,,,,,,4
,,,,,,,,,,,,,,,,,,,,,,,,,,,,,,,,,,,,,,,,,,,,,,,,
Paladin PD System,guardian,2,0.5,5000,750,1000,,,0,75,18,20,1,,ENERGY,,750,0,0,0.4,0.1,,,,,1000000,,,,,,,PD,"pd19, rare_bp, merc, ind",,,,Point Defense,,,,,"When all sub-beams impact a target in close proximity to each other, the spalling effect produces an explosion that deals up to 100 points of fragmentation damage to other nearby targets.",100 | fragmentation,,,,26
,,,,,,,,,,,,,,,,,,,,,,,,,,,,,,,,,,,,,,,,,,,,,,,,
Hammer-class Torpedo,hammer,0,,150,1500,,2000,,30,10,2,2,,,HIGH_EXPLOSIVE,0,,0,1,1,,0,0,0,0,,500,40,8,350,,,STRIKE,"strike6, rocket2, base_bp, ind",,,,Torpedo,Fast,None,,,,,,,TRUE,9.8
Hammer-class Torpedo (Single),hammer_single,0,,75,1500,,2000,,30,10,1,1,,,HIGH_EXPLOSIVE,0,,0,1,1,,0,0,0,0,,500,40,8,350,,,STRIKE,"strike5, rocket1, base_bp, ind",,,,Torpedo,Fast,None,,,,,,,TRUE,9.9
Jackhammer,jackhammer,0,,1000,1500,,2000,,30,20,6,6,,,HIGH_EXPLOSIVE,0,,0,9.5,3,0.25,10,10,0,0,,500,40,8,350,,,STRIKE,"strike10, rocket5, ind, missile_bp, merc",,,,Torpedo,Fast,None,,,,,,,TRUE,13.75
Hammer Barrage,hammerrack,0,,1250,1500,,2000,,30,10,16,20,,,HIGH_EXPLOSIVE,0,,0,5,4,0.15,0,0,0,0,,500,40,8,350,,,STRIKE,"strike16, rocket14, missile_bp, merc, ind",,,,Torpedo,Fast,None,,,,,,,TRUE,16.4
,,,,,,,,,,,,,,,,,,,,,,,,,,,,,,,,,,,,,,,,,,,,,,,,
Reaper-class Torpedo,reaper,1,,200,1500,,5000,,75,10,2,1,,,ENERGY,0,,0,5,1,,0,0,0,0,,400,100,7,500,,,STRIKE,"strike8, rocket3, missile_bp, merc, ind",,,,Torpedo,Fast,None,,,,,,,TRUE,9
Typhoon Reaper Launcher,typhoon,1,,1200,1500,,5000,,75,20,10,5,,,ENERGY,0,,0,15,1,,0,0,0,0,,400,100,7,500,,,STRIKE,"strike13, rocket8, missile_bp, merc, ind",,,,Torpedo,Fast,None,,,,,,,TRUE,14
Cyclone Reaper Launcher,cyclone,2,,5000,1500,,5000,,75,20,26,15,,,ENERGY,0,,0,14.75,2,0.25,0,0,0,0,,400,100,7,500,,,STRIKE,"strike18, rocket14, rare_bp, merc, ind",,,,Torpedo,Fast,None,,,,,,,TRUE,15
,,,,,,,,,,,,,,,,,,,,,,,,,,,,,,,,,,,,,,,,,,,,,,,,
Pilum LRM Catapult,pilum_large,1,,1500,4000,,500,500,25,10,14,60,0.33,6,ENERGY,0,,0,9,6,0.2,0,0,0,0,,125,200,45,150,,,"DO_NOT_AIM, DO_NOT_CONSERVE","utility15, missile14, rare_bp, merc, ind",,,,Long Range Support,Very Slow,Very Poor,,,"Second-stage hits on shields have a chance to arc through to weapons and engines, dealing %s EMP damage. The chance to pierce the shields is based on the target's hard flux level.",500,,,,15.5
Pilum LRM Launcher,pilum,0,,900,4000,,500,500,25,10,7,60,0.1,,ENERGY,0,,0,15,3,0.4,0,0,0,0,,125,100,45,150,,,"DO_NOT_AIM, DO_NOT_CONSERVE","utility13, missile7, missile_bp, merc, ind",,,,Long Range Support,Very Slow,Very Poor,,,"Second-stage hits on shields have a chance to arc through to weapons and engines, dealing %s EMP damage. The chance to pierce the shields is based on the target's hard flux level.",500,,,,12.5
,,,,,,,,,,,,,,,,,,,,,,,,,,,,,,,,,,,,,,,,,,,,,,,,
Dragonfire DEM Torpedo,dragon,2,,2000,2000,,2000,,15,20,12,2,,,ENERGY,0,,0,20,1,,0,0,0,0,,150,0,24,600,,,"DO_NOT_AIM, STRIKE","strike8, missile3, merc, rare_bp, damage_special, damage_soft_flux",,,,Torpedo,Slow,Good,,,"The missile fires a high-powered laser when it gets near the target, dealing approximately %s energy damage in a short burst. This damage is affected by missile damage modifiers and not energy weapon ones.",8000,,,TRUE,12.11
Dragonfire Torpedo Pod,dragonpod,2,,7000,2000,,2000,,15,20,28,5,,,ENERGY,0,,0,25,1,,0,0,0,0,,150,0,24,600,,,"DO_NOT_AIM, STRIKE","strike13, missile18, merc, rare_bp, damage_special, damage_soft_flux",,,,Torpedo,Slow,Good,,,"The missile fires a high-powered laser when it gets near the target, dealing approximately %s energy damage in a short burst. This damage is affected by missile damage modifiers and not energy weapon ones.",8000,,,TRUE,16.01
    Dragonfire - Payload,dragon_payload,2,,0,800,16000,,,,20,0,,,,ENERGY,0,,0,0.75,0.25,0.5,,,,,1000000,,,,,,,"SYSTEM, DANGEROUS",fires_one_burst,,,,,,,,,,,,,,12.12
,,,,,,,,,,,,,,,,,,,,,,,,,,,,,,,,,,,,,,,,,,,,,,,,
Gorgon DEM SRM,gorgon,1,,250,1500,,800,,15,30,4,2,,,HIGH_EXPLOSIVE,0,,0,14,1,,0,0,0,0,,300,75,10,250,,,DO_NOT_AIM,"missile8, strike4, merc, rare_bp, damage_special, damage_soft_flux",,,,Finisher,Medium,Good,,,"The missile fires a high-powered laser when it gets near the target, dealing approximately %s high explosive damage in a short burst. This damage is affected by missile damage modifiers and not energy weapon ones.",3200,,,TRUE,11.9
Gorgon SRM Pod,gorgonpod,1,,1300,1500,,800,,15,10,10,8,,,HIGH_EXPLOSIVE,0,,0,19.5,2,0.5,0,0,0,0,,300,75,10,250,,,DO_NOT_AIM,"missile12, strike9, merc, rare_bp, damage_special, damage_soft_flux",,,,Finisher,Medium,Good,,,"Each missile fires a high-powered laser when it gets near the target, dealing approximately %s high explosive damage in a short burst. This damage is affected by missile damage modifiers and not energy weapon ones.",3200,,,TRUE,12.2
    Gorgon - Payload,gorgon_payload,1,,0,500,1600,,,,30,0,,,,HIGH_EXPLOSIVE,0,,0.1,0.5,1.8,0.25,,,,,1000000,,,,,,,"SYSTEM, DANGEROUS",fires_one_burst,,,,,,,,,,,,,,11.91
Hydra MDEM Launcher,hydra,2,,5000,2000,,2000,,50,10,20,5,,,HIGH_EXPLOSIVE,,,0,25,1,,0,0,0,0,,300,75,25,600,,,DO_NOT_AIM,"missile18, strike10, rare_bp, merc, damage_special, damage_soft_flux",,,,Finisher,Medium,Excellent,,,The missile splits into %s submunitions which try to flank the target. Each one then fires a high-powered laser dealing approximately %s high explosive damage in a short burst. This damage is affected by missile damage modifiers and not energy weapon ones.,6 | 2000,,,TRUE,16.05
    Hydra - Payload,hydra_payload,2,,0,500,1000,,,,30,0,,,,HIGH_EXPLOSIVE,0,,0.1,0.5,1.8,0.25,,,,,1000000,,,,,,,"SYSTEM, DANGEROUS",,,,,,,,,,,,,,,16.06
Gazer DEM SRM,gazer,2,,250,1500,,250,,15,30,4,6,,,KINETIC,0,,0,15,1,,0,0,0,0,,150,25,10,250,,,DO_NOT_AIM,"missile6, merc, rare_bp, damage_special, damage_soft_flux",,,,Suppression,Slow,Good,,,"The missile fires a graviton beam at the target, dealing approximately %s kinetic damage over the course of %s seconds. This damage is affected by missile damage modifiers and not energy weapon ones.",2000 | 10,,,TRUE,11.94
Gazer SRM Pod,gazerpod,2,,1300,1500,,250,,15,10,9,18,,,KINETIC,0,,0,14.5,2,0.5,0,0,0,0,,150,25,10,250,,,DO_NOT_AIM,"missile12, merc, rare_bp, damage_special, damage_soft_flux",,,,Suppression,Slow,Good,,,"Each missile fires a graviton beam at the target, dealing approximately %s kinetic damage over the course of %s seconds. This damage is affected by missile damage modifiers and not energy weapon ones.",2000 | 10,,,TRUE,12.21
    Gazer - Payload,gazer_payload,2,,0,800,200,,,,30,0,,,,KINETIC,0,,0.1,0.1,10,0.5,,,,,2400,,,,,,,"SYSTEM, DANGEROUS",,,,,,,,,,,,,,,11.95
,,,,,,,,,,,,,,,,,,,,,,,,,,,,,,,,,,,,,,,,,,,,,,,,
Squall MLRS,squall,2,,4000,2000,,250,200,15,20,20,160,,,KINETIC,0,,0,10,40,0.5,0,0,0,0,,600,100,7.125,150,,,"DO_NOT_AIM, STRIKE","missile19, strike15, rare_bp, merc, ind",,,,Suppression,Very Fast,Special,,,Unguided after a brief initial aiming stage.,150,,,,16.2
Hurricane MIRV Launcher,hurricane,1,,4500,2000,,2000,,50,10,25,7,,,HIGH_EXPLOSIVE,0,,0,15,1,,0,0,0,0,,250,50,9,350,,,"DO_NOT_AIM, STRIKE","missile18, strike15, rare_bp, hist1t, merc, ind",,,,Finisher,Medium,Good,,,,,,,,16
Swarmer SRM Launcher,swarmer,1,,250,2000,,100,,15,50,3,120,,,HIGH_EXPLOSIVE,0,,0,5,8,0.1,0,0,0,0,,300,100,10,50,,,"ANTI_FTR, DO_NOT_AIM, DO_NOT_CONSERVE","utility8, missile0, missile_bp, merc, ind",,,,Anti Small Craft,Fast,Excellent,,,,,,,,10
Locust SRM Launcher,locust,1,,4000,2000,,200,,5,30,18,800,,,FRAGMENTATION,0,,0,5,40,0.05,0,0,0,0,,400,100,12,60,,,"ANTI_FTR, DO_NOT_AIM, DO_NOT_CONSERVE","utility18, missile15, rare_bp, hist1t, merc, ind",,,,Anti Small Craft,Fast,Excellent,,,,,,,,16.3
,,,,,,,,,,,,,,,,,,,,,,,,,,,,,,,,,,,,,,,,,,,,,,,,
Annihilator Rocket Launcher,annihilator,0,,150,1500,,200,,5,30,4,80,,,HIGH_EXPLOSIVE,0,,0,5,5,0.2,0,0,0,0,,400,50,7.5,100,,,CONSERVE_1,"rocket7, strike0, missile_bp, merc, ind",,,,Anti Armor,Fast,None,,,,,,,,11
Annihilator Rocket Pod,annihilatorpod,0,,1200,1500,,200,,5,30,10,150,,,HIGH_EXPLOSIVE,0,,0,0.5,1,,0,0,0,0,,400,50,7.5,100,,,,"rocket13, strike8, missile_bp, merc, ind",,,,Pressure,Fast,None,,,,,,,,12.33
Annihilator Rocket Pod,annihilator_fighter,0,,150,1500,,200,,5,30,4,5,,,HIGH_EXPLOSIVE,0,,0,0.1,1,,0,30,15,10,,400,50,7.5,100,,,SYSTEM,"rocket13, strike8",,,,Anti Armor,Fast,None,,,,,,,,11.1
,,,,,,,,,,,,,,,,,,,,,,,,,,,,,,,,,,,,,,,,,,,,,,,,
Salamander MRM,heatseeker,1,,225,2000,,500,1500,15,30,5,,,,HIGH_EXPLOSIVE,0,,0,25,1,,0,0,0,,,400,50,15,150,,,"DO_NOT_AIM, HEATSEEKER","utility13, missile0, missile_bp, merc, ind",,,,Anti Engine,Fast,Excellent,,,,,,,TRUE,11.25
Salamander MRM Pod,salamanderpod,1,,1200,2000,,500,1500,15,10,10,,,,HIGH_EXPLOSIVE,0,,0,24.75,2,0.25,0,0,0,,,400,50,15,150,,,"DO_NOT_AIM, HEATSEEKER","utility13, missile_bp, merc, ind",,,,Anti Engine,Fast,Excellent,,,,,,,TRUE,12.32
,,,,,,,,,,,,,,,,,,,,,,,,,,,,,,,,,,,,,,,,,,,,,,,,
Ion Cannon,ioncannon,2,,500,600,,50,400,0,40,6,,,,ENERGY,30,,0.5,0,,,,,,,,1000,,,,,,,"energy8, hightech_bp, merc, ind",,,,Suppression,,,,,"Hits on hull or armor have a %s chance to arc to weapons and engines, dealing extra damage equal to the original hit.",25%,,,,19
Ion Cannon (High Delay),ioncannon_fighter,2,,500,600,,50,400,0,40,6,,,,ENERGY,30,,0.5,0.5,,,,,,,,1000,,,,,,SYSTEM,energy8,,,,Suppression,,,,,"Hits on hull or armor have a %s chance to arc to weapons and engines, dealing extra damage equal to the original hit.",25%,,,,19.1
IR Pulse Laser,irpulse,1,,250,600,,50,,0,50,5,,,,ENERGY,50,,0.25,0,,,,,,,,1000,,,,,,,"energy8, hightech_bp, merc, ind",,,,General,,,,,,,,,,19.25
IR Pulse Laser (High Delay),irpulse_fighter,1,,250,600,,50,,0,50,5,,,,ENERGY,50,,0.25,0.25,,,,,,,,1000,,,,,,SYSTEM,energy8,,,,General,,,,,,,,,,19.3
Pulse Laser,pulselaser,1,,1200,600,,100,,0,20,10,,,,ENERGY,100,,0.25,0,,,,,,,,1000,,,,,,,"energy13, base_bp, merc, ind",,,,General,,,,,,,,,,22
Antimatter Blaster,amblaster,3,0.7,900,500,,1400,,0,30,9,,,,ENERGY,1500,,0.25,10,,,0,0,0,0,,1000,,,100,,,"STRIKE, USE_VS_FRIGATES, GROUP_ALTERNATING","energy10, rare_bp, hist1t, merc, ind",SR_strike_only,,,Strike,,,,,,,,,,19.75
Gigacannon,gigacannon,3,0.4,10000,700,,4000,,0,5,25,,,,ENERGY,3000,,1,9,,,0,0,0,0,,1000,,,,,,"STRIKE, USE_VS_FRIGATES, GROUP_ALTERNATING","energy22, no_drop_salvage",,,,Strike,,,,,,,,,,28
Kinetic Blaster,kineticblaster,3,0.4,5000,600,,600,,0,15,12,,,,KINETIC,750,,0,1,,,,,,,,1400,,,,,,,"energy15, no_drop_salvage",,,,Anti Shield,,,,,,,,,,22.35
Ion Pulser,ionpulser,2,0.6,2250,600,,100,800,0,20,11,20,2,3,ENERGY,60,,0.05,0.05,3,0.1,1.5,10,0.5,2,,1000,,,,,,,"energy13, rare_bp, merc, ind",,,,Suppression,,,,,"Hits on hull or armor have a %s chance to arc to weapons and engines, dealing extra damage equal to the original hit.",25%,,,,22.75
Autopulse Laser,autopulse,1,,4500,700,,150,,0,20,20,60,2,,ENERGY,125,,0.05,0.05,1,,0,10,1,5,,1000,,,,,,,"energy18, hightech_bp, merc, ind",,,,General,,,,,,,,,,25
Thermal Pulse Cannon,tpc,0,,100000,1000,,300,,0,0,,40,1,,ENERGY,300,,0,0.2,1,,0,10,2,5,,1000,,,,,,"SYSTEM,SHOW_IN_CODEX",,TPC_only,,,General,,,,,,,,,,40
,,,,,,,,,,,,,,,,,,,,,,,,,,,,,,,,,,,,,,,,,,,,,,,,
Heavy Blaster,heavyblaster,2,,2500,600,,600,,0,15,12,,,,ENERGY,720,,0,1,,,,,,,,1000,,,,,,,"energy14, rare_bp, hist1t, merc, ind",,,,General,,,,,,,,,,22.25
Mining Blaster,miningblaster,0,,1000,600,,400,,0,8,10,,,,ENERGY,500,,0,1,,,,,,,,1000,,,,,,,"energy12, base_bp, ind",,,,General,,,,,Each bolt deals an additional %s damage to armor. This damage is not reduced by armor.,100,,,,22.125
,,,,,,,,,,,,,,,,,,,,,,,,,,,,,,,,,,,,,,,,,,,,,,,,
Minipulser,minipulser,3,,250000,600,,50,,1,50,8,40,4,10,KINETIC,50,,0.05,0.05,,,0,5,1,15,,1000,,,,,,,"kinetic9, omega, restricted",,Unknown,,Anti Shield,,,,,,,,,,1000.5
Shock Repeater,shockrepeater,3,,200000,600,,100,100,0,100,7,,,,ENERGY,50,,0,0.5,1,,,,,,,10000,,,,,25,PD,"pd14, omega, restricted",,Unknown,,Point Defense,,,,Perfect,Fires an EMP arc at the nearest target close to the weapon's current facing. The arc always hits.,,,,,1019.25
Rift Lance,riftlance,3,,300000,600,2000,,,0,20,9,,,,ENERGY,,2000,0.125,0.25,0.5,2,,,,,3200,,,,,,,,"energy11, beam10, omega, restricted",,Unknown,,General,,,,,,,,,,1029.1
Rift Lance Minelayer,riftlance_minelayer,0,,,,,1000,,25,,,,,,ENERGY,0,,,,1,,,,,,,0,0,20,1000,,,SYSTEM,,,Unknown,,,,,,,,,,,,1038.5
Rift Beam,riftbeam,3,,1000000,600,300,,,0,100,15,,,,ENERGY,,300,0.1,0.1,,,,,,,2400,,,,,,,PD,"beam10, pd15, omega, restricted",,Unknown,,Point Defense,,,,,"Creates space-time rifts along the beam length, targeted at nearby enemy missiles and fighters. Each rift deals up to %s energy damage to nearby targets.",400,,,,1021
Rift Beam Minelayer,riftbeam_minelayer,0,,,,,400,,25,,,,,,ENERGY,0,,,,1,,,,,,,0,0,20,1000,,,SYSTEM,,,Unknown,,,,,,,,,,,,1038.5
Cryoflamer,cryoflux,3,,1000000,600,,150,,3,60,15,120,6,60,ENERGY,100,,,0.05,2,0.05,0,0,0,0,,500,,,,,,,"energy15, omega, restricted",,Unknown,,General,,,,,,,,,,
Cryoblaster,cryoblaster,3,,1000000,600,,2400,,50,20,16,,,,FRAGMENTATION,1000,,0,1,,,0,0,0,0,,750,,,,,,,"energy15, omega, restricted",,Unknown,,General,,,,,,,,,,1022.25
Disintegrator,disintegrator,3,,1000000,800,,400,,25,20,14,,,,HIGH_EXPLOSIVE,500,,0,2,3,0.2,4,4,,,,700,,,,,,,"he18, omega, restricted",,Unknown,,Anti Armor,,,,Spread Pattern,Each shot deals an additional 500 damage to armor over 20 seconds. This damage is not reduced by armor.,500 | 20,,,,1022.25
Rift Cascade Emitter,riftcascade,3,,2000000,800,2000,,,0,7,30,,,,ENERGY,,6000,0.5,1,1,4,,,,,10000,,,,,,,,"energy22, beam17, omega, restricted",,Unknown,,General,,,,,"Creates space-time rifts on impact. More rifts are spawned when the beam is fired at short range. Each rift deals between %s and %s energy damage to nearby targets, with successive rifts dealing more damage.",1500 | 2500,,,,1029.1
Rift Cascade Emitter Minelayer,riftcascade_minelayer,0,,,,,2000,,25,,,,,,ENERGY,0,,,,1,,,,,,,0,0,20,1000,,,SYSTEM,,,Unknown,,,,,,,,,,,,1038.5
Volatile Particle Driver,vpdriver,3,,2000000,1000,,150,,10,20,30,60,6,15,KINETIC,100,,0.05,0.05,1,,0,5,0.5,5,,1000,,,,,,,"kinetic20, omega, restricted",,Unknown,,Anti Shield,,,,,Shots may lose cohesion and dissolve. %s of the shots reach half the maximum range and %s of the shots reach full range.,100% | 50%,,,,1025
Reality Disruptor,realitydisruptor,3,,5000000,1000,,250,300,10,5,30,,,,ENERGY,8000,,2,18,,,,,,,,200,0,10,10000,,,ANTI_FTR,"energy22, omega, restricted",,Unknown,,Suppression,,,,,"Projectile fires EMP arcs at nearby enemy targets while traveling. The damage shown is for the EMP arcs, the projectile itself does not deal damage and will pass over ships. Weapon and engine repairs take %s longer for %s seconds on affected ships.",2{x} | 10,,,TRUE,1025
,,,,,,,,,,,,,,,,,,,,,,,,,,,,,,,,,,,,,,,,,,,,,,,,
Antimatter SRM Launcher,amsrm,3,,400000,900,,2000,,15,50,7,3,0.05,,ENERGY,1000,,0,0.5,1,,0,0,0,0,,1000,200,1.5,250,,,"DO_NOT_AIM, DO_NOT_CONSERVE","utility8, missile9, strike7, omega, restricted",,Unknown,,Anti Small Craft,Extremely Fast,Excellent,,,,,,,TRUE,1010
Resonator MRM Launcher,resonatormrm,3,,1000000,900,,500,,15,20,16,8,0.4,4,KINETIC,100,,0,1.25,4,0.25,0,0,0,,,400,200,2.5,250,,,"DO_NOT_AIM, DO_NOT_CONSERVE","missile15, strike11, omega, restricted",,Unknown,,Anti Shield,Fast,Excellent,,,,,,,,1012
Rift Torpedo Launcher,rifttorpedo,3,,5000000,2000,,12000,,75,10,30,1,0.05,,ENERGY,6000,,0,1,1,,0,0,0,0,,200,100,30,2000,,,"STRIKE, DO_NOT_AIM","strike20, missile20, omega, restricted",,Unknown,,Guided Torpedo,Slow,Excellent,,,,,,,TRUE,1009