name,id,designation,tech/manufacturer,system id,fleet pts,hitpoints,armor rating,max flux,8/6/5/4%,flux dissipation,ordnance points,fighter bays,max speed,acceleration,deceleration,max turn rate,turn acceleration,mass,shield type,defense id,shield arc,shield upkeep,shield efficiency,phase cost,phase upkeep,min crew,max crew,cargo,fuel,fuel/ly,range,max burn,base value,cr %/day,CR to deploy,peak CR sec,CR loss/sec,supplies/rec,supplies/mo,c/s,c/f,f/s,f/f,crew/s,crew/f,hints,tags,rarity,breakProb,minPieces,maxPieces,travel drive,number
Talon,talon,,Low Tech,,,200,25,400,mob,100,0,,325,400,300,300,600,10,NONE,,0,0,0,,,1,1,,,,,,,,,,,,,,,,,,,,,,0,,,,100
Xyphos,xyphos,,High Tech,,,450,50,300,flu,50,0,,160,300,250,90,180,30,OMNI,,160,0,1,,,2,2,,,,,,,,,,,,,,,,,,,,,,0,,,,103
Trident,trident,,High Tech,,,500,25,500,flu,100,0,,130,150,125,30,90,50,OMNI,,180,0,1,,,3,3,,,,,,,,,,,,,,,,,,,,,,0,,,,106
Warthog,warthog,,Low Tech,ammofeed,,750,200,400,,50,0,,130,180,150,100,200,40,NONE,,0,0,0,,,2,2,,,,,,,,,,,,,,,,,,,,,,0,,,,110
Thunder,thunder,,Midline,,,500,75,750,mob,100,0,,450,600,500,300,600,30,NONE,,0,0,0,,,1,1,,,,,,,,,,,,,,,,,,,,,,0,,,,111
Claw,claw,,High Tech,,,300,25,300,flu,50,0,,275,350,300,120,240,20,OMNI,,160,0,1,,,1,1,,,,,,,,,,,,,,,,,,,,,,0,,,,112
Sarissa,sarissa,,Low Tech,canister_flak,,500,100,180,dur,100,0,,140,250,200,100,200,40,NONE,,0,0,0,,,3,3,,,,,,,,,,,,,,,,,,,,,,0,,,,118.5
Broadsword,broadsword,,Low Tech,flarelauncher_fighter,,750,100,80,flu,20,0,,200,400,350,90,180,30,NONE,,0,0,0,,,1,1,,,,,,,,,,,,,,,,,,,,,,0,,,,104
,,,,,,,,,,,,,,,,,,,,,,,,,,,,,,,,,,,,,,,,,,,,,,,,,,,,,
Lux,lux,,Remnant,flarelauncher_fighter,,400,60,350,,50,0,,220,350,350,100,240,30,OMNI,,160,0,1,,,0,0,,,,,,,,,,,,,,,,,,,,,,0,,,,115
Gladius,gladius,,Midline,damper,,500,75,200,,50,0,,300,400,300,150,300,40,NONE,,0,0,0,,,2,2,,,,,,,,,,,,,,,,,,,,,,0,,,,109
,,,,,,,,,,,,,,,,,,,,,,,,,,,,,,,,,,,,,,,,,,,,,,,,,,,,,
Wolf,wolf,Frigate,High Tech,displacer,5,1500,150,3250,flu,150,55,,150,130,100,60,120,200,FRONT,,150,0.4,0.7,,,15,30,50,20,1,20,10,12000,10,20,180,0.25,5,5,,,,,,,,"hightech_bp, merc, ind",,0.5,2,2,,200
Tempest,tempest,Frigate,High Tech,drone_strike,8,1250,200,3500,"log, shi, flu, mob, pts",225,50,1,180,200,175,90,270,200,OMNI,,120,0.2,0.8,,,10,30,30,20,1,20,11,36000,10,20,240,0.25,8,8,,,,,,,,"rare_bp, hist1t, merc, ind",0.75,0.5,2,2,,206
Omen,omen,Frigate,High Tech,emp,6,750,125,3000,"flu, op, shi, pts",200,40,,155,220,175,120,360,100,OMNI,,360,0.3,0.7,,,10,20,30,20,1,20,10,20000,10,20,240,0.25,6,6,,,,,,,,"rare_bp, merc, ind",,0.5,2,2,,205
,,,,,,,,,,,,,,,,,,,,,,,,,,,,,,,,,,,,,,,,,,,,,,,,,,,,,
Hound,hound,Combat Freighter,Low Tech,flarelauncher,2,3000,550,750,"dur, pts",100,38,,180,175,100,90,120,200,NONE,,0,0,0,,,10,40,75,30,1,30,10,7500,5,10,360,0.25,3,3,25,75,,,,,,"base_bp, ind",,0.4,2,2,,201
Vanguard,vanguard,Heavy Frigate,Low Tech,burndrive,6,4000,750,2000,"dur, pts",150,60,,135,120,100,60,90,300,PHASE,damper,,,,,,30,50,50,30,1,30,10,30000,8,10,360,0.25,6,6,8,50,,,,,,"rare_bp, merc, ind, special_allows_system_use, system_allows_special_use",0.75,0.4,2,2,,201.5
Hyperion,hyperion,Advanced Gunship,High Tech,phaseteleporter,11,2500,250,8000,"dp, pts, op, ppt, shi",500,50,,120,175,150,50,100,200,FRONT,,240,0.6,0.6,,,5,15,10,15,1,15,10,95000,8,40,300,0.25,10,10,,,,,,,,"rare_bp, merc, ind, kanta_gift",0.5,0.75,2,2,,202
Afflictor,afflictor,Phase Frigate,High Tech,entropyamplifier,8,1500,400,3000,"dp, pts, ppt",400,55,,165,120,100,60,120,200,PHASE,phasecloak,90,,,0.03,0.04,5,10,25,50,1,50,10,42000,10,30,180,0.25,8,8,,,,,,,,"rare_bp, merc, ind",,0.5,2,2,,210
Shade,shade,Phase Frigate,High Tech,emp,6,1750,400,2500,"dp, pts, ppt",300,50,,165,120,100,60,120,200,PHASE,phasecloak,90,,,0.05,0.05,10,15,25,50,1,50,10,40000,10,30,180,0.25,6,6,,,,,,,,"rare_bp, merc, ind",,0.5,2,2,,211
Cerberus,cerberus,Combat Freighter,Low Tech,burndrive,4,3500,550,1250,"dur, pts",150,50,,110,100,75,60,120,300,NONE,,0,0,0,,,20,50,100,40,1,40,10,9000,8,10,360,0.25,4,4,25,100,,,,,,"base_bp, ind",,0.3,2,2,,213
Mudskipper,mudskipper,Civilian Transport,Low Tech,maneuveringjets,1,2000,300,750,"dur, shi",75,18,,90,80,50,45,60,200,NONE,,60,0.2,1.2,,,5,100,70,40,1,40,9,3000,5,20,180,0.25,2,2,35,70,,,50,100,"CIVILIAN, LINER","base_bp, ind",,0.5,2,2,,218
Scarab,scarab,Heavy Frigate,High Tech,temporalshell,7,2000,250,4000,"ppt, shi, flu, dp, mob",250,55,,130,120,100,60,120,300,OMNI,,180,0.4,0.6,,,35,45,40,20,1,20,10,30000,7,20,300,0.25,6,6,,,,,,,,"rare_bp, hist1t, merc, ind",,0.5,2,2,,220
Wayfarer,wayfarer,Combat Freighter,Midline,flarelauncher,4,3250,400,1600,dur,120,55,,120,105,70,45,90,300,FRONT,,180,0.4,0.8,,,25,50,150,40,1,40,10,14000,8,10,240,0.25,5,5,30,,,,,,,"base_bp, ind",,0.5,2,2,,221
Warden,warden,Drone,Explorarium,ammofeed,2,3000,500,750,"dur, mob, pts, dp",100,30,,170,100,90,90,120,150,NONE,,0,0,0,,,0,0,20,20,1,20,9,10000,5,5,480,0.25,3,3,,,,,,,"UNBOARDABLE, HIDE_IN_CODEX","derelict, auto_rec",,0.5,2,2,,222
Defender,defender,Drone,Explorarium,flarelauncher,2,3400,550,750,"dur, mob, pts, dp",100,30,,150,90,90,90,110,160,NONE,,0,0,0,,,0,0,20,20,1,20,9,10000,5,5,480,0.25,3,3,,,,,,,"UNBOARDABLE, HIDE_IN_CODEX","derelict, auto_rec",,0.5,2,2,,223
Picket,picket,Drone,Explorarium,maneuveringjets,2,2900,450,750,"dur, mob, pts, dp",100,15,,250,175,150,100,120,120,NONE,,0,0,0,,,0,0,20,20,1,20,9,10000,5,5,480,0.25,3,3,,,,,,,"UNBOARDABLE, HIDE_IN_CODEX","derelict, auto_rec",,0.5,2,2,,224
Sentry,sentry,Drone,Explorarium,fastmissileracks,2,2800,400,750,"dur, mob, pts, dp",100,15,,160,90,90,60,100,120,NONE,,0,0,0,,,0,0,20,20,1,20,9,10000,5,5,480,0.25,3,3,,,,,,,"UNBOARDABLE, HIDE_IN_CODEX","derelict, auto_rec",,0.5,2,2,,225
Gremlin,gremlin,Phase Frigate,Low Tech,canister_flak,5,2500,450,1200,"sys, dur, log, ppt",160,35,,110,120,90,45,90,200,PHASE,phasecloak,90,,,0.06,0.06,15,20,10,20,1,20,9,26000,10,20,240,0.25,5,5,,,,,,,,base_bp,,0.5,2,2,,228
Centurion,centurion,Heavy Frigate,Midline,damper,4,2250,500,2200,"pts, dp",175,55,,120,110,90,40,80,300,OMNI,,180,0.4,0.8,,,30,50,50,25,1,25,10,20000,8,10,240,0.25,4,4,,,,,,,,"midline_bp, merc, ind",,0.4,2,2,,219
,,,,,,,,,,,,,,,,,,,,,,,,,,,,,,,,,,,,,,,,,,,,,,,,,,,,,
Lasher,lasher,Frigate,Low Tech,ammofeed,5,1750,300,3100,1750,140,55,,120,110,90,60,90,200,FRONT,,210,0.4,1,,,25,50,40,25,1,25,10,9000,8,10,240,0.25,4,4,,,,,,,,"lowtech_bp, merc, ind",,0.4,2,2,,204
,,,,,,,,,,,,,,,,,,,,,,,,,,,,,,,,,,,,,,,,,,,,,,,,,,,,,
Brawler,brawler,Gunship,Midline,maneuveringjets,5,2000,450,3000,"mob, pts",250,50,,110,180,120,60,120,250,FRONT,,270,0.4,0.8,,,15,30,40,20,1,20,9,12000,8,10,300,0.25,5,5,,,,,,,,"midline_bp, merc, ind",,0.4,2,2,,207
Vigilance,vigilance,Frigate,Midline,fastmissileracks,5,1750,200,2500,mob,180,45,,125,120,100,45,90,100,OMNI,,150,0.4,0.8,,,10,25,40,25,1,25,10,10000,8,10,240,0.25,5,5,,,,,,,,"midline_bp, merc, ind",,0.5,2,2,,208
,,,,,,,,,,,,,,,,,,,,,,,,,,,,,,,,,,,,,,,,,,,,,,,,,,,,,
Kite,kite,Shuttle,Midline,maneuveringjets,2,900,150,2400,"pts, log",80,25,,140,150,75,45,85,120,OMNI,,150,0.5,0.8,,,2,30,30,15,1,15,10,4000,5,20,180,0.25,3,3,,,,,,,,"base_bp, ind",,0.75,2,2,,217
Shepherd,shepherd,Drone Tender,Low Tech,maneuveringjets,2,2200,300,1500,"pts, log, dp",100,23,1,90,120,70,90,180,200,OMNI,,90,0.5,1.2,,,5,30,100,40,1,40,9,10000,8,20,240,0.25,3,3,33,,,,,,CARRIER,"base_bp, ind",,0.5,2,2,,216
,,,,,,,,,,,,,,,,,,,,,,,,,,,,,,,,,,,,,,,,,,,,,,,,,,,,,
Lumen,lumen,Droneship,Remnant,displacer,4,1000,150,3000,"pts, flu, ppt, mob",200,35,,170,150,100,90,150,150,OMNI,,150,0.4,0.6,,,0,0,40,40,1,40,11,30000,5,10,180,0.25,4,4,,,,,,,"UNBOARDABLE, HIDE_IN_CODEX","remnant, auto_rec",,0.5,2,2,,226
Glimmer,glimmer,Droneship,Remnant,highenergyfocus,5,1500,200,3500,"pts, flu, ppt, mob",250,50,,160,150,100,90,150,200,OMNI,,150,0.4,0.6,,,0,0,50,40,1,40,11,30000,5,10,180,0.25,5,5,,,,,,,"UNBOARDABLE, HIDE_IN_CODEX","remnant, auto_rec",,0.5,2,2,,227
,,,,,,,,,,,,,,,,,,,,,,,,,,,,,,,,,,,,,,,,,,,,,,,,,,,,,
Monitor,monitor,Frigate,Midline,fortressshield,5,1500,175,8000,"flu, op, pts",120,30,,105,120,100,60,120,200,OMNI,,300,0.5,0.8,,,15,30,30,20,1,20,10,25000,8,10,360,0.25,5,5,,,,,,,,"rare_bp, hist2t, merc, ind",,0.5,2,2,,214
,,,,,,,,,,,,,,,,,,,,,,,,,,,,,,,,,,,,,,,,,,,,,,,,,,,,,
,,,,,,,,,,,,,,,,,,,,,,,,,,,,,,,,,,,,,,,,,,,,,,,,,,,,,
Falcon,falcon,Light Cruiser,Midline,maneuveringjets,12,6000,750,7000,dp,400,125,,80,70,50,20,25,650,FRONT,,270,0.4,0.8,,,100,180,120,100,3,33,9,80000,4,12,480,0.25,14,14,,,,,,,,"midline_bp, merc, ind",,0.5,2,3,,400
Eradicator,eradicator,Fast Cruiser,Low Tech,ammofeed,13,9000,1200,9000,mob,400,150,,85,50,40,15,20,1800,OMNI,,150,0.4,1,,,120,170,100,120,4,30,9,100000,4,12,540,0.25,22,22,,,,,,,,"rare_bp, merc, ind",,0.5,2,4,,404.5
,,,,,,,,,,,,,,,,,,,,,,,,,,,,,,,,,,,,,,,,,,,,,,,,,,,,,
,,,,,,,,,,,,,,,,,,,,,,,,,,,,,,,,,,,,,,,,,,,,,,,,,,,,,
Enforcer,enforcer,Destroyer,Low Tech,burndrive,8,6000,900,4000,pts,200,110,,60,40,20,30,20,500,OMNI,,150,0.4,1,,,60,100,90,90,3,30,9,38000,5,12,420,0.25,9,9,,,,,,,,"lowtech_bp, merc, ind",,0.4,2,3,,303
Condor,condor,Light Carrier,Low Tech,fastmissileracks,9,5000,500,2200,"op, ppt",110,55,2,40,30,20,20,10,400,OMNI,,120,0.4,1.2,,,90,150,120,30,2,15,9,32000,5,10,420,0.25,10,10,,,,,,,CARRIER,"base_bp, ind",,0.5,2,3,,302
Gemini,gemini,Combat Freighter,Midline,reservewing,9,4500,250,2700,"op, ppt",170,90,1,60,35,15,25,20,400,OMNI,,150,0.4,0.8,,,55,120,250,70,2,35,9,36000,4,8,420,0.25,9,9,28,125,,,,,,"midline_bp, ind",,0.6,2,3,,305
Buffalo Mk.II,buffalo2,Destroyer,Low Tech,flarelauncher,5,4250,400,2250,"dur, pts, dp",100,70,,80,60,40,25,30,300,NONE,,0,0,0,,,20,40,20,30,2,15,9,18000,5,10,120,0.25,4,4,,,,,,,,"base_bp, ind",,0.6,2,3,,308
Mule,mule,Combat Freighter,Low Tech,maneuveringjets,6,5500,650,3000,dp,150,80,,60,40,20,20,15,500,OMNI,,120,0.4,1,,,40,100,250,80,2,40,9,34000,5,10,420,0.25,6,6,36,125,,,,,,"base_bp, ind",,0.5,2,3,,310
Harbinger,harbinger,Phase Destroyer,High Tech,acausaldisruptor,12,4000,650,5000,"dp, ppt",500,95,,110,75,50,30,30,400,PHASE,phasecloak,90,,,0.05,0.04,25,50,60,100,2,50,9,120000,5,30,420,0.25,14,14,,,,,,,,"rare_bp, merc, ind",,0.5,2,3,,314
,,,,,,,,,,,,,,,,,,,,,,,,,,,,,,,,,,,,,,,,,,,,,,,,,,,,,
Bastillon,bastillon,Drone,Explorarium,flarelauncher,7,5000,800,3500,"dur, mob, pts, dp",250,60,,100,40,20,20,20,400,NONE,,0,0,0,,,0,0,80,40,2,20,8,40000,5,10,540,0.25,8,8,,,,,,,"UNBOARDABLE, HIDE_IN_CODEX","derelict, auto_rec",,0.5,2,3,,315
Berserker,berserker,Drone,Explorarium,burndrive,7,5000,825,3400,"dur, mob, pts, dp",225,60,,105,45,15,18,18,450,NONE,,0,0,0,,,0,0,80,40,2,20,8,40000,5,10,540,0.25,8,8,,,,,,,"UNBOARDABLE, HIDE_IN_CODEX","derelict, auto_rec",,0.5,2,3,,316
,,,,,,,,,,,,,,,,,,,,,,,,,,,,,,,,,,,,,,,,,,,,,,,,,,,,,
Venture,venture,Cruiser,Low Tech,fastmissileracks,10,10000,1250,7000,"op, log",300,130,1,40,15,10,12,6,1500,OMNI,,120,0.4,1,,,50,300,600,180,3,60,7,70000,5,10,540,0.25,14,14,,,,,,,,"base_bp, merc, ind",,0.4,2,3,,402
,,,,,,,,,,,,,,,,,,,,,,,,,,,,,,,,,,,,,,,,,,,,,,,,,,,,,
Shrike,shrike,Light Destroyer,High Tech,microburn,7,2800,250,6400,"mob, pts, flu",350,85,,110,100,80,35,80,250,OMNI,,150,0.3,0.7,,,20,40,40,60,2,30,10,20000,5,15,300,0.25,8,8,,,,,,,,"hightech_bp, merc, ind",,0.7,2,3,,319
Fury,fury,Light Cruiser,High Tech,microburn,14,5000,600,11000,"mob, flu",600,130,,105,100,80,30,60,650,OMNI,,180,0.3,0.7,,,60,120,60,80,3,27,9,115000,4,12,420,0.25,20,20,,,,,,,,"hightech_bp, merc, ind",,0.7,2,3,,415
,,,,,,,,,,,,,,,,,,,,,,,,,,,,,,,,,,,,,,,,,,,,,,,,,,,,,
Hammerhead,hammerhead,Destroyer,Midline,ammofeed,10,5000,600,4200,mob,250,95,,90,60,40,30,60,400,FRONT,,300,0.4,0.8,,,50,100,100,60,2,30,9,40000,5,12,360,0.25,10,10,,,,,,,,"midline_bp, merc, ind",,0.5,2,3,,300
Sunder,sunder,Destroyer,Midline,highenergyfocus,10,4000,500,8500,"mob, pts, flu",600,105,,90,80,60,30,30,350,FRONT,,300,0.4,1.2,,,50,70,80,50,2,25,9,45000,5,15,300,0.25,11,11,,,,,,,,"midline_bp, merc, ind",,0.5,2,3,,301
Drover,drover,Light Carrier,Midline,reservewing,11,4250,400,3000,"op, ppt",225,90,2,75,60,50,25,25,450,FRONT,,300,0.4,0.8,,,90,150,40,40,2,20,9,52000,5,15,300,0.25,14,14,,,,,,,"CARRIER, COMBAT","midline_bp, merc, ind",,0.5,2,3,,318
,,,,,,,,,,,,,,,,,,,,,,,,,,,,,,,,,,,,,,,,,,,,,,,,,,,,,
Medusa,medusa,Destroyer,High Tech,displacer,12,3000,300,6000,"shi, op, dp",400,100,,100,90,60,40,100,300,OMNI,,120,0.3,0.6,,,35,50,50,40,2,20,9,60000,5,20,300,0.25,11,11,,,,,,,,"rare_bp, hist1t, merc, ind",,0.7,2,3,,309
Scintilla,scintilla,Droneship Carrier,Remnant,recalldevice,11,5000,350,5000,"op, pts, mob",200,80,2,70,60,25,20,15,500,OMNI,,270,0.4,0.6,,,0,0,40,60,2,30,10,50000,5,15,420,0.25,12,12,,,,,,,"UNBOARDABLE, HIDE_IN_CODEX, CARRIER","remnant, auto_rec",,0.5,2,3,,317
Fulgent,fulgent,Droneship,Remnant,highenergyfocus,10,5000,450,6000,"pts, mob",300,100,,95,75,50,30,50,500,OMNI,,150,0.4,0.6,,,0,0,80,60,2,30,10,50000,5,15,420,0.25,11,11,,,,,,,"UNBOARDABLE, HIDE_IN_CODEX","remnant, auto_rec",,0.5,2,3,,317
,,,,,,,,,,,,,,,,,,,,,,,,,,,,,,,,,,,,,,,,,,,,,,,,,,,,,
Aurora,aurora,Cruiser,High Tech,plasmajets,16,8000,800,12000,"op, dp, flu",800,165,,80,50,25,25,25,1800,OMNI,,180,0.5,0.6,,,75,200,150,90,3,30,8,200000,4,20,420,0.25,25,25,,,,,,,,"rare_bp, hist2t, merc, ind",,0.6,2,3,,405
Brilliant,brilliant,Droneship Cruiser,Remnant,flarelauncher_active,16,8000,900,11000,"hng, op, flu, mob",600,150,1,70,35,30,20,25,2000,OMNI,,270,0.4,0.6,,,0,0,120,90,3,30,9,140000,5,15,420,0.25,25,25,,,,,,,"UNBOARDABLE, HIDE_IN_CODEX","remnant, auto_rec",,0.5,2,3,,413
Apex,apex,Heavy Droneship,Remnant,drone_strike,18,12000,1100,13000,"flu, mob",550,150,2,60,35,30,12,20,3000,FRONT,,180,0.4,0.6,,,0,0,120,90,3,30,9,170000,5,15,420,0.25,30,30,,,,,,,"UNBOARDABLE, HIDE_IN_CODEX","remnant, auto_rec",,0.5,2,3,,414
,,,,,,,,,,,,,,,,,,,,,,,,,,,,,,,,,,,,,,,,,,,,,,,,,,,,,
Eagle,eagle,Cruiser,Midline,maneuveringjets,14,8000,1000,11000,flu,600,155,,60,40,30,15,20,1200,FRONT,,270,0.4,0.8,,,150,250,150,100,3,33,8,100000,3,12,480,0.25,20,20,,,,,,,,"rare_bp, merc, ind",,0.5,2,3,,401
Champion,champion,Heavy Cruiser,Midline,highenergyfocus,15,10000,1250,10000,"op, flu",750,180,,60,40,30,15,20,1500,FRONT,,210,0.4,0.8,,,200,300,150,150,4,38,8,125000,4,12,480,0.25,25,25,,,,,,,,"rare_bp, merc, ind",,0.5,2,4,,401.5
,,,,,,,,,,,,,,,,,,,,,,,,,,,,,,,,,,,,,,,,,,,,,,,,,,,,,
Apogee,apogee,Cruiser,High Tech,flarelauncher_active,14,9000,750,12000,"shi, op, mob, dp, pts",700,155,,75,40,30,20,25,2000,FRONT,,360,0.6,0.6,,,150,450,400,200,2,100,8,140000,3,15,480,0.25,18,18,,,,,,,,"rare_bp, merc, ind",,0.6,2,3,,403
Doom,doom,Phase Cruiser,High Tech,mine_strike,22,8000,1250,10000,"dp, op, mob",900,160,,85,55,40,20,25,1200,PHASE,phasecloak,,,,0.05,0.05,50,100,120,150,3,50,8,250000,4,30,480,0.25,40,40,,,,,,,,"rare_bp, hist2t, merc, kanta_gift",,0.5,2,3,,406
Grendel,grendel,Phase Cruiser,Low Tech,ammofeed,17,14000,1400,6000,"hu, dp, dur, op",600,170,,60,60,60,15,20,1000,PHASE,phasecloak,,,,0.05,0.08,200,250,100,75,3,25,8,135000,5,20,480,0.25,30,30,,,,,,,,rare_bp,,0.7,3,4,,406.5
Heron,heron,Fast Carrier,Midline,targetingfeed,14,6000,750,5000,"op, ppt, log",300,115,3,80,60,40,20,25,800,OMNI,,180,0.5,0.8,,,150,250,90,60,3,20,8,110000,3,12,420,0.25,20,20,,,,,,,"CARRIER, COMBAT","midline_bp, merc, ind",,0.5,2,3,,407
Gryphon,gryphon,Missile Cruiser,Midline,forgevats,16,7000,800,5000,"mob, dp, pts, log",200,140,,80,60,40,15,20,1200,FRONT,,270,0.5,0.8,,,150,250,120,80,3,27,8,120000,3,12,420,0.25,25,25,,,,,,,,"rare_bp, merc, ind",,0.5,2,3,,408
Mora,mora,Carrier,Low Tech,damper,15,11000,1450,4000,"op, ppt, dp, dur",200,150,3,45,20,10,10,10,2000,OMNI,,150,0.4,1,,,200,300,100,60,4,15,8,125000,4,12,480,0.25,20,20,,,,,,,"CARRIER, COMBAT","lowtech_bp, merc, ind",,0.4,2,3,,410
Colossus Mk.II,colossus2,Modified Freighter,Luddic Path,burndrive,6,6000,600,3250,"op, log, dp, pts",180,70,,50,25,10,12,12,1400,FRONT,,150,0.5,1,,,40,120,300,60,4,15,7,50000,3,20,480,0.25,7,7,,,,,,,ALWAYS_PANIC,"rare_bp, LP_bp",,0.6,2,3,,411.1
Colossus Mk.III,colossus3,Modified Freighter,Pirate,flarelauncher,6,6000,600,3250,"op, log, dp, pts",180,70,,50,25,10,12,12,1400,FRONT,,150,0.5,1,,,50,160,300,60,4,15,7,50000,3,20,480,0.25,7,7,,,,,,,"CARRIER, COMBAT","rare_bp, pirate_bp",,0.6,2,3,,411.2
Rampart,rampart,Drone,Explorarium,burndrive,16,14000,1600,10000,"dp, dur, mob, pts, dp",450,120,,50,20,10,12,10,2100,NONE,,0,0,0,,,0,0,100,60,4,15,8,130000,5,12,480,0.25,20,20,,,,,,,"UNBOARDABLE, HIDE_IN_CODEX","derelict, auto_rec",,0.5,2,3,,412
,,,,,,,,,,,,,,,,,,,,,,,,,,,,,,,,,,,,,,,,,,,,,,,,,,,,,
Onslaught,onslaught,Battleship,Low Tech,burndrive,28,20000,1750,21000,"dp, flu",800,360,,25,10,10,4,4,3500,FRONT,,180,0.4,1,,,750,1500,300,400,15,27,7,350000,3,12,720,0.25,50,50,,,,,,,,"rare_bp, merc",,0.4,2,4,,500
Astral,astral,Carrier,High Tech,recalldevice,27,10000,900,22000,"op, ppt, flu, mob",1000,300,6,45,30,25,11,8,3000,FRONT,,360,0.7,0.6,,,450,1000,250,200,10,20,7,400000,3,15,720,0.25,50,50,,,,,,,"CARRIER, COMBAT, NO_AUTO_ESCORT","rare_bp, merc",,0.6,2,4,,501
Atlas,atlas,Superfreighter,Low Tech,flarelauncher,7,8000,250,4000,shi,200,65,,25,5,2,3,2,4000,OMNI,,120,0.75,1,,,50,100,2000,400,6,67,6,75000,2,20,720,0.25,10,10,200,333,,,,,"CIVILIAN, FREIGHTER","rare_bp, merc, ind",,0.7,2,4,,502
Atlas Mk.II,atlas2,Modified Superfreighter,Pirate,ammofeed,16,9000,750,8000,"dp, pts, shi, dp, op",350,240,,30,8,4,4,2,4000,OMNI,,120,0.4,1,,,250,300,200,400,10,40,7,150000,2,20,720,0.25,20,20,,,,,,,,rare_bp,,0.7,2,4,,502.5
Conquest,conquest,Battlecruiser,Midline,maneuveringjets,26,12000,1200,20000,shi,1200,315,,45,20,15,6,4,2500,OMNI,,90,0.4,1.2,,,400,500,300,300,10,30,8,300000,3,15,600,0.25,40,40,,,,,,,,"rare_bp, merc",,0.5,2,4,,503
Paragon,paragon,Battleship,High Tech,fortressshield,30,18000,1500,25000,op,1250,330,,30,15,10,5,5,3500,OMNI,,360,0.6,0.6,,,400,1000,300,300,10,30,7,500000,4,20,720,0.25,60,60,,,,,,,,"rare_bp, hist3t, merc",,0.6,2,4,,504
Odyssey,odyssey,Battlecruiser,High Tech,microburn,25,10000,1000,15000,"shi, op",1000,290,2,70,50,40,8,12,2500,OMNI,,180,0.25,0.8,,,400,800,400,450,8,56,8,330000,4,20,600,0.25,45,45,,,,,,,,"rare_bp, hist3t, merc",,0.6,2,4,,505
Prometheus,prometheus,Tanker,Low Tech,flarelauncher,12,10000,1200,7000,shi,300,95,,50,15,10,4,4,4000,OMNI,,180,0.5,1.2,,,50,100,200,3000,6,500,6,80000,2,20,720,0.25,10,10,,,300,500,,,"CIVILIAN, TANKER","rare_bp, merc, ind",,0.75,3,5,,506
Prometheus Mk.II,prometheus2,Modified Tanker,Luddic Path,burndrive,17,15000,1500,10500,"dp, pts, shi, op",450,270,2,50,16,10,4,4,4000,OMNI,,180,0.4,1.2,,,250,300,200,800,10,80,7,200000,2,20,720,0.25,25,25,,,,,,,ALWAYS_PANIC,rare_bp,,0.75,3,5,,506.5
Legion,legion,Battlecarrier,Low Tech,burndrive,26,18000,1650,12000,op,500,320,4,30,15,15,6,6,3500,FRONT,,180,0.4,1,,,700,1500,300,300,15,20,7,375000,3,12,720,0.25,40,40,,,,,,,"CARRIER, COMBAT, NO_AUTO_ESCORT","rare_bp, merc",,0.4,2,4,,507
Invictus,invictus,Dreadnought,Low Tech,lidararray,30,20000,10000,40000,"flu, log, dur, pts, op",600,290,,35,15,15,4,4,10000,PHASE,canister_flak,0,0,0,,,2000,3000,1000,800,20,40,6,400000,3,12,1200,0.25,60,60,,,,,,,NEVER_DODGE_MISSILES,rare_bp,,0.2,2,2,,511
Pegasus,pegasus,Battleship,Midline,fastmissileracks,28,17000,1500,19000,"mob, flu, pts",900,365,,50,35,25,6,6,3000,FRONT,,270,0.4,0.8,,,500,600,400,300,10,30,7,400000,4,12,720,0.25,50,50,,,,,,,,"rare_bp, merc",,0.5,2,4,,512
Retribution,retribution,Battlecruiser,Low Tech,orion_device,23,14000,1250,15000,"dur, pts",700,300,,75,50,40,10,10,2500,OMNI,,60,0.2,1.2,,,300,400,200,300,10,30,8,200000,3,12,600,0.25,35,35,,,,,,,,rare_bp,,0.5,2,4,,513
Nova,nova,Drone Battlecruiser,Remnant,nova_burst,27,12000,1000,22000,"shi, flu, dp, pts",1200,280,,80,70,50,12,16,3000,FRONT,,210,0.4,0.6,,,0,0,150,300,10,30,9,350000,3,15,600,0.25,50,50,,,,,,,"UNBOARDABLE, HIDE_IN_CODEX","remnant, auto_rec",,0.5,2,4,,514
Radiant,radiant,Drone Battleship,Remnant,displacer,30,15000,1400,25000,"dur, flu",1400,320,,40,30,20,7,10,3500,OMNI,,270,0.4,0.6,,,0,0,250,400,10,40,8,500000,3,15,720,0.25,60,60,,,,,,,"UNBOARDABLE, HIDE_IN_CODEX","remnant, auto_rec",,0.4,2,4,,509
,,,,,,,,,,,,,,,,,,,,,,,,,,,,,,,,,,,,,,,,,,,,,,,,,,,,,
Guardian,guardian,Drone Battleship,Explorarium,microburn,26,20000,1500,20000,"shi, dp, pts",1000,350,,40,30,20,7,10,3500,FRONT,,200,0.4,1.2,,,0,0,300,400,15,27,7,500000,3,12,720,0.25,50,50,,,,,,,UNBOARDABLE,,,0.4,2,4,,508
,,,,,,,,,,,,,,,,,,,,,,,,,,,,,,,,,,,,,,,,,,,,,,,,,,,,,
Shuttle Pod,shuttlepod,Pod,,,1,1000,100,150,,50,0,,200,400,250,150,450,100,NONE,,0,0,0,,,1,1,1,1,1,1,,1000,,,,,,,,,,,,,,,,,,,,1000
,,,,,,,,,,,,,,,,,,,,,,,,,,,,,,,,,,,,,,,,,,,,,,,,,,,,,
,derelict_mothership_pod_s_right,"Gun Pod, Small",,,1,6500,800,1000,dur,100,14,,0,0,0,10,10,70,NONE,,0,0,0,,,0,0,0,0,1,0,,500000,,1,,,0,0,,,,,,,"UNBOARDABLE, HIDE_IN_CODEX",,,0.5,2,2,,2101
,derelict_mothership_pod_m_right,"Gun Pod, Medium",,,1,7500,900,1500,dur,200,22,,0,0,0,10,10,120,NONE,,0,0,0,,,0,0,0,0,1,0,,500000,,1,,,0,0,,,,,,,"UNBOARDABLE, HIDE_IN_CODEX",,,0.5,2,2,,2102
,derelict_mothership_pod_m_left,"Gun Pod, Medium",,,1,8200,900,2000,dur,200,26,,0,0,0,10,10,150,NONE,,0,0,0,,,0,0,0,0,1,0,,500000,,1,,,0,0,,,,,,,"UNBOARDABLE, HIDE_IN_CODEX",,,0.5,2,2,,2103
,derelict_mothership_pod_engine_left,"Gun Pod, Rear",,,1,8200,900,2000,dur,200,28,,0,0,0,10,10,220,NONE,,0,0,0,,,0,0,0,0,1,0,,500000,,1,,,0,0,,,,,,,"UNBOARDABLE, HIDE_IN_CODEX",,,0.5,2,2,,2104
,derelict_mothership_bow_module,Bow Shield Module,,,1,8000,1100,3000,dur,250,16,,0,0,0,10,10,200,NONE,,0,0,0,,,0,0,0,0,1,0,,500000,,1,,,0,0,,,,,,,"UNBOARDABLE, HIDE_IN_CODEX",,,0.5,2,2,,2105
,derelict_mothership_sensor_mast,Bow Sensor Mast,,,1,10000,900,3000,dur,250,32,,0,0,0,10,10,280,NONE,,0,0,0,,,0,0,0,0,1,0,,500000,,1,,,0,0,,,,,,,"UNBOARDABLE, HIDE_IN_CODEX",,,0.7,2,2,,2106