id,type,text1,text2,text3,text4,notes
miningblaster,WEAPON,"The miner's best friend, this weapon can deliver pulverizing bolts of energy at medium range, albeit at extreme cost in flux.",,,,
brilliant,SHIP,"A remnant of the autonomous AI fleets developed by the Tri-Tachyon Corporation. Illegal under Domain (and Hegemony) law, and an abomination to the Church of Galactic Redemption, the First AI War saw these creations purged from the Sector. At least that is how the official histories tell it.

Typical of high-end TriTachyon products, the Brilliant-class cruiser spares no excess in mounting the most advanced suite of energy weaponry possible - as well as a small but fully capable fighter bay considered essential to facilitate inspection tours by potential buyers. There is little to see however because, typical of autonomous ships, there are no concessions made for human life support or even bodily access. Repairs are carried out by a swarm semi-intelligent utility drones which travel via zero-atmosphere conduits wormed through the ship's mass. ",,,,
,,,,,,
drone_strike,SHIP_SYSTEM,"Supercharges one of the Terminator drones with a brief energy transfer. The drone tracks a nearby target like a missile, dealing massive area damage on impact.",Offensive,"Supercharges one of the Terminator drones and sends it after a target. The drone deals 2400 Energy damage and 1200 EMP damage on impact, and charging it generates 1200 flux.",2400 Energy | 1200 EMP | 1200,
,,,,,,
damper_omega,SHIP_SYSTEM,"Briefly activates an entropy-dampening field that halves all damage taken and all flux generated, and rapidly repairs all disabled engines and weapons.",Defensive,"Briefly activates an entropy-dampening field that halves all damage taken and all flux generated, and rapidly repairs all disabled engines and weapons. Disables shields.",,