{
	"id":"dumb_tweaks",
	"name":"Difficulty Tweak",
	"author":"Krill",
	"version":"F",
	"description":"it's bleak",
	"gameVersion":"0.97a-RC11",
	
	"replace": [	
	"data/characters/skills/electronic_warfare.skill",
	
	"data/hullmods/FrontShieldEmitter.java",
	"data/hullmods/IllAdvised.java",
	"data/hullmods/ShieldShunt.java",
	"data/hullmods/ExpandedMagazines.java",
	"data/hullmods/AdvancedTurretGyros.java",

	"data/weapons/proj/gorgon.proj",
	
	"data/hulls/skin/mudskipper2.skin",
	
	"data/hulls/guardian.ship",
	"data/hulls/grendel.ship",
	"data/hulls/drover.ship",
	"data/hulls/fulgent.ship",
	
	"data/variants/derelict/guardian_Standard.variant",
	
	"data/variants/brawler/brawler_tritachyon_Standard.variant",
	
	"data/variants/fighters/gladius_Fighter.variant",
	"data/variants/fighters/warthog_Fighter.variant",
	"data/variants/fighters/lux_Fighter.variant",
	
	"data/variants/hyperion_Attack.variant",
	"data/variants/hyperion_Strike.variant",
	"data/variants/scarab/scarab_Experimental.variant",
	
	"data/variants/paragon/paragon_Elite.variant",
	"data/variants/paragon/paragon_Escort.variant",
	"data/variants/paragon/paragon_Raider.variant",
	
	"data/variants/remnant/scintilla_Strike.variant",
	"data/variants/remnant/scintilla_Support.variant",
	
	"data/variants/remnant/brilliant_Standard",
	
	"data/variants/remnant/grendel_Assault",
	"data/variants/remnant/grendel_Support",
	
	"data/hulls/skins/legion_xiv",
	"data/hulls/skins/onslaught_xiv",
	"data/hulls/skins/falcon_xiv",
	"data/hulls/skins/enforcer_xiv",
	"data/hulls/skins/eagle_xiv",
	"data/hulls/skins/dominator_xiv",
	]
}
