name,id,flux/second,f/s (base rate),f/s (base cap),flux/use,f/u (base rate),f/u (base cap),cr/u,max uses,regen,charge up,active,down,cooldown,toggle,noDissipation,noHardDissipation,hardFlux,noFiring,noTurning,noStrafing,noAccel,noShield,noVent,isPhaseCloak,tags,icon
Flare Launcher,flarelauncher,,,,,,,,2,0.1,,,,2,,,,,,,,,,,,,graphics/icons/hullsys/flare_launcher.png
Active Flare Launcher,flarelauncher_active,,,,,,0.05,,,,,,,5,,,,,,,,,,,,,graphics/icons/hullsys/active_flare_launcher.png
Fortress Shield,fortressshield,,,0.025,,,,,,,0.5,10,0.5,3,TRUE,,,TRUE,TRUE,,,,,,,,graphics/icons/hullsys/fortress_shield.png
Recall Device,recalldevice,,,,,,0.5,,,,1.5,,1.5,10,,,,,,,,,,,,,graphics/icons/hullsys/recall_device.png
,,,,,,,,,,,,,,,,,,,,,,,,,,,
EMP Emitter,emp,1,,,,,0.2,,,,0.5,4,0.5,3,,,,,TRUE,,,,,,,,graphics/icons/hullsys/emp_emitter.png
,,,,,,,,,,,,,,,,,,,,,,,,,,,
Termination Sequence,drone_strike,,,,1200,,,,,,0,0.05,0.2,10,,,,,,,,,,,,,graphics/icons/hullsys/drone_pd_high.png
,,,,,,,,,,,,,,,,,,,,,,,,,,,
Doppelgänger,displacer,,,,,,,,3,0.1,0.25,,0.25,0,,TRUE,,,,,,,,,,,graphics/icons/hullsys/displacer.png
Degraded Gänger,displacer_degraded,,,,,,,,2,0.067,0.25,,0.25,0,,TRUE,,,,,,,,,,,graphics/icons/hullsys/displacer.png
,,,,,,,,,,,,,,,,,,,,,,,,,,,
Rule Overruled,temporalshell,,,,,,,,,,20,5,10,15,,,,,,,,,,,,,graphics/icons/hullsys/temporal_shell.png
,,,,,,,,,,,,,,,,,,,,,,,,,,,
Entropy Damper,damper_omega,1,,,,,,,2,0.05,0.25,3,0.25,0,,,,,,,,,,TRUE,,uses_damper_ai,graphics/icons/hullsys/damper_field.png
Plasma Jets,plasmajets,,,,,,,,,,2,6,4,10,,,,,,,,,,,,,graphics/icons/hullsys/infernium_injector.png
,,,,,,,,,,,,,,,,,,,,,,,,,,,
Orion Device,orion_device,,,,,,,,4,0.1,0,0.001,0,1,,,,,,,,,,,,,graphics/icons/hullsys/infernium_injector.png
Nova Burst,nova_burst,,,,,,,,2,0.05,0.5,0.001,0,1,,,,,,,,,,,,,graphics/icons/hullsys/infernium_injector.png