{
	"id":"dumb_tweaks",
	"name":"Difficulty Tweak",
	"author":"Krill",
	"version":"A",
	"description":"I hate myself",
	"gameVersion":"0.97a-RC11",
	
	"replace": [
	"data/hullmods/FrontShieldEmitter.java",
	"data/hullmods/IllAdvised.java",
	"data/hullmods/ShieldShunt.java",
	"data/hullmods/ExpandedMagazines.java",

	"data/weapons/proj/gorgon.proj",
	"data/weapons/guardian.wpn",
	
	"data/hulls/skin/mudskipper2.skin",
	
	"data/hulls/guardian.ship",
	"data/hulls/grendel.ship",
	
	"data/variants/derelict/guardian_Standard.variant",
	
	"data/variants/brawler/brawler_tritachyon_Standard.variant",
	
	"data/variants/fighters/gladius_Fighter.variant",
	"data/variants/fighters/warthog_Fighter.variant",
	"data/variants/fighters/lux_Fighter.variant",
	
	"data/variants/hyperion_Attack.variant",
	"data/variants/hyperion_Strike.variant",
	
	"data/variants/paragon/paragon_Elite.variant",
	"data/variants/paragon/paragon_Escort.variant",
	"data/variants/paragon/paragon_Raider.variant",
	
	"data/variants/remnant/brilliant_Standard",
	
	"data/variants/remnant/grendel_Assault",
	"data/variants/remnant/grendel_Support",
	]
}
