id,name,order,tier,reqPoints,reqPointsPerExtraSkill,description,author,combat officer,admiral,admin,tags,icon,
systems_expertise,Systems Expertise,90,5,2,2,"No, I don't think it's a contradiction. It's a, uh, spiritual journey. You're tested. And it's like they say, the Devil is in the details.","""Ludd's Footsoldiers"" holodoc, interview with Pather engineer",TRUE,,,,graphics/icons/skills/systems_expertise.png,
missile_specialization,Missile Specialization,100,5,2,2,My colleagues don�t appreciate their whimsy. You get all these little spaceships to break all the rules with because there's no need to survive the landing.,"Exit interview of K. Astraia, former ordnance designer, Culann Starforge",TRUE,,,missile_weapons,graphics/icons/skills/missile_specialization2.png,
neural_link,Neural Link,1075,5,4,2,Why should a captain go down with their ship? The Tri-Tachyon corporation does not waste top talent.,"VP Operations Nereid De Jong at unveiling ceremony for ""Project Heket""",,,,,graphics/icons/skills/neural_link.png,
automated_ships,Automated Ships,1090,4,2,0,[REDACTED],Hegemony COMSEC,,,,,graphics/icons/skills/automated_ships.png,
,,,,,,,,,,,,,
derelict_contingent,Derelict Operations,1590,5,4,2,I WALKED HERE ALL THE WAY FROM EARTH,0,,TRUE,,player_only,graphics/icons/skills/derelict_contingent.png,