{
	"id":"dumb_tweaks",
	"name":"Difficulty Tweak",
	"author":"Krill",
	"version":"2B",
	"description":"it's bleak",
	"gameVersion":"0.97a-RC11",
	
	"replace": [	
	"data/characters/skills/best_of_the_best.skill",
	"data/characters/skills/cybernetic_augmentation.skill",
	"data/characters/skills/electronic_warfare.skill",
	"data/characters/skills/phase_corps.skill",
	"data/characters/skills/support_doctrine.skill",
	"data/characters/skills/missile_specialization.skill",
	
	"data/hullmods/FrontShieldEmitter.java",
	"data/hullmods/IllAdvised.java",
	"data/hullmods/ShieldShunt.java",
	"data/hullmods/ExpandedMagazines.java",
	"data/hullmods/AdvancedTurretGyros.java",
	"data/hullmods/IntegratedTargetingUnit.java",

	"data/weapons/proj/gorgon.proj",
	"data/weapons/proj/squall_rocket.proj",
	"data/hulls/skin/mudskipper2.skin",
	"data/hulls/guardian.ship",
	"data/hulls/drover.ship",
	"data/hulls/fulgent.ship",
	"data/hulls/astral.ship",
	"data/hulls/talon.ship",
	
	"data/hulls/dram.ship",
	"data/hulls/phaeton.ship",
	"data/hulls/prometheus.ship",
	"data/hulls/prometheus2.ship",
	
	"data/variants/derelict/guardian_Standard.variant",
	"data/variants/fighters/gladius_Fighter.variant",
	"data/variants/fighters/sarissa_Fighter.variant",
	"data/variants/fighters/warthog_Fighter.variant",
	"data/variants/fighters/lux_Fighter.variant",
	"data/variants/hyperion_Attack.variant",
	"data/variants/hyperion_Strike.variant",

	"data/variants/fury_Attack.variant",
	"data/variants/fury_Support.variant",
	
	"data/world/factions/hegemony.faction",
	"data/world/factions/tritachyon.faction",
	
	#"data/shipsystems/displacer.system",
	#"data/shipsystems/displacer_degraded.system",
	#"data/shipsystems/temporalshell.system",
	#"data/shipsystems/phasecloak.system",
	
	#VERSION 2A-b & VERSION 2A-c
	#CHANGES
	
	"data/hulls/hound.ship",
	"data/hulls/picket.ship",
	
	#MODIFIED ECCM
	"data/variants/omega/facet_Missile.variant",
	"data/variants/omega/facet_Shieldbreaker.variant",
	"data/variants/vigilance_AP.variant",
	"data/variants/vigilance_Standard.variant",
	"data/variants/vigilance_Support1.variant",
	
	#MODIFIED DERELICTS
	"data/variants/derelict/rampart_Standard.variant",
	"data/variants/bastillon_Standard.variant",
	"data/variants/berserker_Assault.variant",
	"data/variants/picket_Assault.variant",
	"data/variants/defender_PD.variant",
	"data/variants/sentry_FS.variant",
	"data/variants/warden_Defense.variant",
	
	#MODIFIED REMNANT FRIGATES & DESTROYERS
	"data/variants/remnant/fulgent_Assault.variant",
	"data/variants/remnant/fulgent_Support.variant",
	"data/variants/remnant/glimmer_Assault.variant",
	"data/variants/remnant/glimmer_Support.variant",
	"data/variants/remnant/lumen_Standard.variant",
	
	"data/variants/remnant/nova_Standard.variant",
	"data/variants/remnant/radiant_Assault.variant",
	"data/variants/remnant/radiant_Standard.variant",
	"data/variants/remnant/radiant_Strike.variant",

	#MODIFIED REMNANT CRUISERS
	"data/variants/remnant/brilliant_Standard.variant",
	"data/variants/remnant/apex_Standard.variant",
	"data/variants/remnant/apex_Overdriven.variant",
	"data/variants/remnant/apex_Missile.variant",
	"data/variants/remnant/apex_Assault.variant",
	
	"data/variants/starting/wayfarer_Standard.variant",
	"data/variants/retribution/retribution_Standard.variant",
	"data/variants/retribution/medusa_CS.variant",
	
	"data/variants/invictus/invictus_Standard.variant",
	"data/variants/invictus/invictus_Support.variant",
	
	#Eagle variants
	"data/variants/eagle/eagle_Assault.variant",
	"data/variants/eagle/eagle_Balanced.variant",
	"data/variants/eagle/eagle_Support.variant",
	"data/variants/eagle/eagle_LG_Assault.variant",
	"data/variants/eagle/eagle_LG_Support.variant",
	
	#Falcon variants
	"data/variants/falcon/falcon_Attack.variant",
	"data/variants/falcon/falcon_CS.variant",
	"data/variants/falcon/falcon_LG_Attack.variant",
	"data/variants/falcon/falcon_LG_CS.variant",
	"data/variants/falcon/falcon_p_Strike.variant",
	
	#Legion variants
	"data/variants/legion/legion_Assault.variant",
	"data/variants/legion/legion_Escort.variant",
	"data/variants/legion/legion_Fire_Support.variant",
	"data/variants/legion/legion_Strike.variant",
	"data/variants/legion/legion_xiv_Elite.variant",
	"data/variants/legion/legion_xiv_Automated.variant",
	
	#misc variants
	"data/variants/buffalo2_Fighter_Support.variant",
	"data/variants/buffalo2_Support.variant",
	"data/variants/enforcer/enforcer_CS.variant",
	
	"data/variants/hammerhead/hammerhead_Overdriven.variant",
	"data/variants/sunder/sunder_Overdriven.variant",
	"data/variants/enforcer/enforcer_Overdriven.variant",
	"data/variants/eradictor/eradicator_Overdriven.variant",
	"data/variants/manticore/manticore_luddic_path_Strike.variant",
	
	"data/variants/brawler_LG_Elite.variant",
	"data/variants/centurion/centurion_LG_Assault.variant",
	"data/variants/hammerhead/hammerhead_LG_Balanced.variant",
	"data/variants/hammerhead/hammerhead_LG_Elite.variant",
	"data/variants/hammerhead/hammerhead_Overdriven.variant",
	
	"data/variants/gemini_Standard.variant",
	"data/variants/mudskipper2_Close_Support.variant",
	"data/variants/mudskipper2_Hellbore.variant",
	
	"data/variants/mudskipper2_Close_Support.variant",
	"data/variants/mudskipper2_Hellbore.variant",
	
	"data/variants/grendel_Assault.variant",
	"data/variants/grendel_Support.variant",
	
	#PegaSUS variants
	"data/variants/pegasus/pegasus_Balanced.variant",
	"data/variants/pegasus/executor_Standard.variant",
	"data/variants/pegasus/executor_Elite.variant",
	
	#Mora variants
	"data/variants/mora/mora_Assault.variant",
	"data/variants/mora/mora_Strike.variant",
	"data/variants/mora/mora_Support.variant",
	"data/variants/mora/mora_Torpedo.variant",
	
	#Heron & Shrike & Astral variants
	"data/variants/heron_Strike.variant",
	"data/variants/heron_Attack.variant",
	"data/variants/heron_Attack1.variant",
	"data/variants/heron_Attack2.variant",
	"data/variants/shrike_Support.variant",
	"data/variants/shrike_Attack.variant",
	"data/variants/astral_Strike.variant",
	"data/variants/astral_Elite.variant",
	"data/variants/astral_Attack.variant",
	
	"data/variants/medusa_CS.variant",
	"data/variants/medusa_Escort.variant",
	"data/variants/medusa_Attack.variant",
	
	#replaced LG skins for backwards compatability, cause I know they're going to be reworked soon
	#THIS ALSO MAKES THEM EASIER TO BUY, AS I HAVE REMOVED A CERTAIN TAG
	"data/hulls/skins/brawler_LG.skin",
	"data/hulls/skins/centurion_LG.skin",
	"data/hulls/skins/eagle_LG.skin",
	"data/hulls/skins/falcon_LG.skin",
	"data/hulls/skins/executor.skin",
	
	#Removed do_not_back_off from Omega cause they're squishier now
	"data/hulls/facet.ship",
	"data/hulls/shard_left.ship",
	"data/hulls/shard_right.ship",
	
	
	#misc LG
	
	]
}
