id,variant,tags,tier,rarity,fleet pts,op cost,formation,range,attackRunRange,attackPositionOffset,num,role,role desc,refit,base value,,,,,,,,,,,,,number
mining_drone_wing,mining_drone_Standard,"stay_in_front_of_ship, support0, drone, low, base_bp, auto_fighter, ind",0,,5,0,BOX,0,500,,4,SUPPORT,Drone,5,1500,,,,,,,,,,,,,17
terminator_wing,drone_terminator,"no_drop, no_sell, high",3,,6,0,BOX,0,200,,2,SUPPORT,Point Defense,15,6000,,,,,,,,,,,,,19
wasp_wing,wasp_Interceptor,"interceptor3, interceptor, high, hightech_bp, auto_fighter, merc, ind",1,,5,5,CLAW,4000,200,700,6,INTERCEPTOR,Interceptor Drone,3,6000,,,,,,,,,,,,,7
,,,,,,,,,,,,,,,,,,,,,,,,,,,,
perdition_wing,perdition_Bomber,"bomber3, bomber, low, rare_bp, merc",0,,3,20,V,4000,2000,600,4,BOMBER,Bomber,15,4000,,,,,,,,,,,,,10
hoplon_wing,hoplon_Escort,"bomber3, bomber, low, rare_bp, merc, ind",1,,3,12,V,4000,2000,750,3,BOMBER,Bomber,15,7000,,,,,,,,,,,,,10
piranha_wing,piranha_Bomber,"bomber3, bomber, low, lowtech_bp, merc, ind",1,,5,10,CLAW,4000,2500,300,4,BOMBER,Bomber,15,6000,,,,,,,,,,,,,12
,,,,,,,,,,,,,,,,,,,,,,,,,,,,
longbow_wing,longbow_Support,"bomber3, bomber, high, rare_bp, merc, ind",1,,5,12,V,4000,2000,600,2,BOMBER,Bomber,18,9000,,,,,,,,,,,,,15
,,,,,,,,,,,,,,,,,,,,,,,,,,,,
flash_wing,flash_Bomber,"no_sell, bomber, remnant, bomber5, auto_fighter, merc",3,,5,20,V,4000,2500,300,4,BOMBER,Strike Drone,20,8000,,,,,,,,,,,,,21
spark_wing,spark_Interceptor,"no_sell, interceptor, remnant, interceptor5, auto_fighter, merc",3,,4,8,CLAW,4000,200,750,5,INTERCEPTOR,Interceptor Drone,10,5000,,,,,,,,,,,,,22
lux_wing,lux_Fighter,"no_sell, fighter, remnant, fighter5, auto_fighter, merc",3,,6,10,V,4000,500,,4,FIGHTER,Fighter Drone,15,6000,,,,,,,,,,,,,23