name,id,designation,tech/manufacturer,system id,fleet pts,hitpoints,armor rating,max flux,8/6/5/4%,flux dissipation,ordnance points,fighter bays,max speed,acceleration,deceleration,max turn rate,turn acceleration,mass,shield type,defense id,shield arc,shield upkeep,shield efficiency,phase cost,phase upkeep,min crew,max crew,cargo,fuel,fuel/ly,range,max burn,base value,cr %/day,CR to deploy,peak CR sec,CR loss/sec,supplies/rec,supplies/mo,c/s,c/f,f/s,f/f,crew/s,crew/f,hints,tags,rarity,breakProb,minPieces,maxPieces,travel drive,number
Talon,talon,,Low Tech,,,200,25,400,mob,100,0,,325,400,300,300,600,10,NONE,,0,0,0,,,1,1,,,,,,,,,,,,,,,,,,,,,,0,,,,100
Warthog,warthog,,Low Tech,ammofeed,,750,200,400,sys,100,0,,130,180,150,100,200,40,NONE,,0,0,0,,,2,2,,,,,,,,,,,,,,,,,,,,,,0,,,,110
Thunder,thunder,,Midline,,,500,75,750,mob,100,0,,450,600,500,300,600,30,NONE,,0,0,0,,,1,1,,,,,,,,,,,,,,,,,,,,,,0,,,,111
Broadsword,broadsword,,Low Tech,flarelauncher_fighter,,750,100,80,flu,20,0,,200,400,350,90,180,30,NONE,,0,0,0,,,1,1,,,,,,,,,,,,,,,,,,,,,,0,,,,104
Gladius,gladius,,Midline,highenergyfocus,,500,75,400,flu,100,0,,300,400,300,150,300,40,NONE,,0,0,0,,,2,2,,,,,,,,,,,,,,,,,,,,,,0,,,,109
Terminator,drone_terminator,,,,,300,25,200,,50,,,300,400,400,200,400,5,NONE,,360,0,1,,,0,0,,,,,,,,,,,,,,,,,,,,,,0,,,,4
,,,,,,,,,,,,,,,,,,,,,,,,,,,,,,,,,,,,,,,,,,,,,,,,,,,,,
Cobra,cobra,,High Tech,,,400,25,400,,50,0,,160,200,200,30,120,40,OMNI,,120,0,1,,,0,0,,,,,,,,,,,,,,,,,,,,,,0,,,,118
,,,,,,,,,,,,,,,,,,,,,,,,,,,,,,,,,,,,,,,,,,,,,,,,,,,,,
Tempest,tempest,Frigate,High Tech,drone_strike,8,1250,200,2500,shi,225,50,1,180,200,175,90,270,200,OMNI,,120,0.2,0.8,,,15,25,30,20,1,20,11,36000,10,20,180,0.25,8,8,,,,,,,,"rare_bp, hist1t, merc, ind",0.75,0.5,2,2,,206
,,,,,,,,,,,,,,,,,,,,,,,,,,,,,,,,,,,,,,,,,,,,,,,,,,,,,
Hound,hound,Combat Freighter,Low Tech,flarelauncher,2,3000,550,750,"dur, pts, ppt",100,38,,180,175,100,90,120,200,NONE,,0,0,0,,,10,40,75,30,1,30,10,7500,5,10,300,0.25,3,3,25,75,,,,,,"base_bp, ind",,0.4,2,2,,201
Vanguard,vanguard,Heavy Frigate,Low Tech,burndrive,6,4000,750,2000,"dur, pts, ppt, log",150,60,,135,120,100,60,90,300,PHASE,damper,,,,,,30,50,50,30,1,30,10,15000,8,10,300,0.25,6,6,8,50,,,,,,"rare_bp, merc, ind, special_allows_system_use, system_allows_special_use",0.75,0.4,2,2,,201.5
Hyperion,hyperion,Advanced Gunship,High Tech,phaseteleporter,11,2500,250,8000,"dp, pts, op, ppt, shi",500,50,,120,175,150,50,100,200,OMNI,,240,0.6,0.6,,,5,15,10,15,1,15,10,95000,8,40,180,0.25,10,10,,,,,,,,"rare_bp, merc, ind, kanta_gift",0.5,0.75,2,2,,202
Afflictor,afflictor,Phase Frigate,High Tech,entropyamplifier,8,1500,400,3000,"dp, pts, ppt",400,55,,165,120,100,60,120,200,PHASE,phasecloak,90,,,0.03,0.04,5,10,25,50,1,50,10,42000,10,30,180,0.25,8,8,,,,,,,,"rare_bp, merc, ind",,0.5,2,2,,210
Shade,shade,Phase Frigate,High Tech,emp,6,1750,400,2500,"dp, pts, ppt",300,50,,165,120,100,60,120,200,PHASE,phasecloak,90,,,0.05,0.05,10,15,25,50,1,50,10,40000,10,30,180,0.25,6,6,,,,,,,,"rare_bp, merc, ind",,0.5,2,2,,211
Cerberus,cerberus,Combat Freighter,Low Tech,burndrive,4,3500,550,1250,"dur, pts",150,50,,110,120,100,60,120,300,NONE,,0,0,0,,,20,50,100,40,1,40,10,9000,8,10,300,0.25,4,4,25,100,,,,,,"base_bp, ind",,0.3,2,2,,213
Mudskipper,mudskipper,Civilian Transport,Low Tech,maneuveringjets,4,2000,300,750,dur,75,18,,90,80,50,45,60,200,NONE,,,,,,,5,200,70,40,1,40,9,3000,5,20,180,0.25,4,4,35,70,,,50,100,"CIVILIAN, LINER","base_bp, ind",,0.5,2,2,,218
Scarab,scarab,Heavy Frigate,High Tech,temporalshell,6,2000,250,3000,"pts, dp",250,55,,130,120,100,60,120,300,OMNI,,180,0.4,0.6,,,35,45,40,20,1,20,10,30000,7,20,180,0.25,6,6,,,,,,,,"rare_bp, hist1t, merc, ind",,0.5,2,2,,220
Wayfarer,wayfarer,Combat Freighter,Midline,flarelauncher,4,3250,400,1600,"dur, flu",120,55,,120,105,70,45,90,300,FRONT,,180,0.4,0.8,,,25,50,150,40,1,40,10,14000,8,10,240,0.25,5,5,30,,,,,,,"base_bp, ind",,0.5,2,2,,221
,,,,,,,,,,,,,,,,,,,,,,,,,,,,,,,,,,,,,,,,,,,,,,,,,,,,,
Warden,warden,Drone,Explorarium,ammofeed,4,3000,500,750,"dur, pts, op, log",100,40,,170,150,140,90,120,150,NONE,,0,0,0,,,0,0,50,50,0.5,100,9,10000,5,5,480,0.25,4,4,,,,,,,"UNBOARDABLE, HIDE_IN_CODEX","derelict, auto_rec",,0.5,2,2,,222
Defender,defender,Drone,Explorarium,canister_flak,4,3300,550,750,"dur, pts, op, log",100,40,,150,140,140,90,110,160,NONE,,0,0,0,,,0,0,50,50,0.5,100,9,10000,5,5,480,0.25,4,4,,,,,,,"UNBOARDABLE, HIDE_IN_CODEX","derelict, auto_rec",,0.5,2,2,,223
Picket,picket,Drone,Explorarium,maneuveringjets,4,2900,450,1750,"dur, pts, op, log",120,40,,200,175,150,100,120,120,NONE,,0,0,0,,,0,0,40,40,0.5,80,9,10000,5,5,480,0.25,4,4,,,,,,,"UNBOARDABLE, HIDE_IN_CODEX","derelict, auto_rec",,0.5,2,2,,224
Sentry,sentry,Drone,Explorarium,forgevats,4,2800,350,750,"dur, pts, op, log",100,25,,110,90,90,60,100,120,NONE,,0,0,0,,,0,0,40,40,0.5,80,9,10000,5,5,480,0.25,4,4,,,,,,,"UNBOARDABLE, HIDE_IN_CODEX","derelict, auto_rec",,0.5,2,2,,225
,,,,,,,,,,,,,,,,,,,,,,,,,,,,,,,,,,,,,,,,,,,,,,,,,,,,,
Gremlin,gremlin,Phase Frigate,Low Tech,canister_flak,5,3500,600,1200,"sys, dur, log, ppt",160,35,,90,120,90,45,90,200,PHASE,phasecloak,90,,,0.06,0.06,15,20,10,20,1,20,9,26000,10,20,300,0.25,5,5,,,,,,,,base_bp,,0.5,2,2,,228
Centurion,centurion,Heavy Frigate,Midline,damper,4,2250,500,2200,pts,175,55,,120,110,90,40,80,300,OMNI,,180,0.4,0.8,,,30,50,50,25,1,25,10,20000,8,10,240,0.25,4,4,,,,,,,,"midline_bp, merc, ind",,0.4,2,2,,219
Brawler,brawler,Gunship,Midline,maneuveringjets,5,2000,450,3000,pts,250,50,,100,180,120,60,120,250,FRONT,,270,0.4,0.8,,,15,30,40,20,1,20,9,12000,8,10,300,0.25,5,5,,,,,,,,"midline_bp, merc, ind",,0.4,2,2,,207
Vigilance,vigilance,Frigate,Midline,fastmissileracks,5,1750,200,2500,pts,180,45,,110,120,100,45,90,100,OMNI,,150,0.4,0.8,,,10,25,40,25,1,25,10,10000,8,10,240,0.25,5,5,,,,,,,,"midline_bp, merc, ind",,0.5,2,2,,208
,,,,,,,,,,,,,,,,,,,,,,,,,,,,,,,,,,,,,,,,,,,,,,,,,,,,,
Kite,kite,Shuttle,Midline,maneuveringjets,2,900,150,1400,"pts, log",80,25,,140,150,75,45,85,120,OMNI,,150,0.5,0.8,,,2,30,30,15,1,15,9,4000,5,20,180,0.25,3,3,,,,,,,,"base_bp, ind",,0.75,2,2,,217
Shepherd,shepherd,Drone Tender,Low Tech,maneuveringjets,2,1200,200,1500,"pts, log",100,23,1,90,120,70,90,180,200,OMNI,,90,0.5,1.2,,,15,30,100,40,1,40,9,5000,8,20,240,0.25,3,3,33,,,,,,CARRIER,"base_bp, ind",,0.5,2,2,,216
,,,,,,,,,,,,,,,,,,,,,,,,,,,,,,,,,,,,,,,,,,,,,,,,,,,,,
Mercury,mercury,Shuttle,High Tech,flarelauncher_active,3,1000,150,1600,"shi, CIV",150,27,,135,100,100,90,120,125,OMNI,,150,0.5,0.6,,,1,60,40,30,0.5,30,10,8000,5,20,180,0.25,4,4,10,40,,,15,60,"CIVILIAN, LINER","base_bp, ind",,0.5,2,2,,203
Hermes,hermes,Shuttle,Midline,maneuveringjets,3,1200,250,1000,"dur, CIV",80,27,,125,90,80,90,120,125,OMNI,,120,0.5,1,,,2,20,100,30,0.5,60,10,8000,5,20,180,0.25,4,4,25,100,,,,,"CIVILIAN, FREIGHTER","base_bp, ind",,0.5,2,2,,203.5
Buffalo,buffalo,Freighter,High Tech,flarelauncher_active,6,3000,125,1500,"shi, CIV",70,28,,50,25,20,15,7,400,OMNI,,150,0.5,0.8,,,10,20,800,80,2,40,8,40000,5,20,240,0.25,6,6,133,200,,,,,"CIVILIAN, FREIGHTER","base_bp, merc, ind",,0.6,2,3,,304
Tarsus,tarsus,Freighter,Low Tech,damper,6,4250,500,1800,"dur, CIV, sys, log",125,40,,45,35,25,25,15,400,OMNI,,120,0.66,1.2,,,30,80,700,80,3,27,8,36000,5,10,420,0.25,6,6,117,117,,,,,"CIVILIAN, FREIGHTER","lowtech_bp, merc, ind",,0.5,2,3,,306
Nebula,nebula,Civilian Transport,Midline,flarelauncher,8,3000,325,1500,"dur, CIV",85,40,,55,35,20,20,12,450,FRONT,,150,0.5,1,,,15,800,120,80,2,40,8,40000,4,20,240,0.25,8,8,,,,,100,200,"CIVILIAN, LINER","base_bp, merc, ind",,,2,3,,313
Starliner,starliner,Civilian Transport,Midline,flarelauncher,14,5500,225,2500,"shi, CIV",125,60,,45,20,10,10,10,900,FRONT,,300,0.5,0.8,,,50,3000,300,120,3,40,7,100000,3,20,480,0.25,20,20,,,,,150,500,"CIVILIAN, LINER","midline_bp, merc, ind",,0.6,2,3,,409
Colossus,colossus,Heavy Freighter,Low Tech,flarelauncher,10,6000,500,2750,"dur, CIV",100,55,,40,20,10,10,10,1500,FRONT,,150,0.5,1,,,40,200,1800,120,4,30,7,80000,3,20,480,0.25,12,12,150,225,,,,,"CIVILIAN, FREIGHTER","base_bp, merc, ind",,0.6,2,3,,411
Atlas,atlas,Superfreighter,Low Tech,flarelauncher,14,8000,250,4000,"shi, CIV",200,65,,25,5,2,3,2,4000,OMNI,,45,0.5,0.8,,,50,100,4000,400,6,67,6,150000,2,20,720,0.25,20,20,200,333,,,,,"CIVILIAN, FREIGHTER","rare_bp, merc, ind",,0.7,2,4,,502
,,,,,,,,,,,,,,,,,,,,,,,,,,,,,,,,,,,,,,,,,,,,,,,,,,,,,
Dram,dram,Tanker,Low Tech,flarelauncher,3,2250,350,1500,"dur, CIV",100,30,,120,70,50,30,60,200,OMNI,,90,0.5,1.2,,,5,10,15,600,1,600,9,16000,8,20,180,0.25,4,4,,,150,300,,,"CIVILIAN, TANKER","base_bp, merc, ind",,0.7,2,4,,209
Phaeton,phaeton,Tanker,Low Tech,flarelauncher,8,4000,700,2000,"dur, CIV",150,45,,50,30,20,25,15,400,OMNI,,90,0.5,1.2,,,10,20,20,1600,2,800,8,44000,5,20,300,0.25,8,8,,,200,400,,,"CIVILIAN, TANKER","base_bp, merc, ind",,0.75,3,4,,311
Prometheus,prometheus,Tanker,Low Tech,flarelauncher,14,15000,1400,7000,"dur, CIV",300,95,,50,15,10,4,4,4000,OMNI,,180,0.5,1.2,,,50,100,200,6000,6,1000,6,160000,2,20,720,0.25,20,20,,,300,500,,,"CIVILIAN, TANKER","rare_bp, merc, ind",,0.75,3,5,,506
Harvester,crig,Salvage Rig,Midline,flarelauncher,6,4000,400,1000,"dur, CIV",100,16,,50,30,20,25,15,300,NONE,,0,0,0,,,20,2,0,0,2,0,8,40000,5,20,360,0.25,6,6,,,,,,,CIVILIAN,"base_bp, ind",,0.75,2,3,,312
,,,,,,,,,,,,,,,,,,,,,,,,,,,,,,,,,,,,,,,,,,,,,,,,,,,,,
Valkyrie,valkyrie,Troop Transport,Midline,flarelauncher_active,12,5500,600,2250,"dur, CIV",110,55,,80,60,60,30,45,400,FRONT,,90,0.4,0.8,,,10,500,50,80,2,40,9,40000,5,15,360,0.25,10,10,,,,,50,125,"CIVILIAN, TRANSPORT","rare_bp, merc, ind",,0.5,2,3,,307
Phantom,phantom,Phase Transport,High Tech,flarelauncher_active,12,3000,500,3000,"shi, CIV",300,30,,90,90,70,45,60,350,PHASE,phasecloak,90,,,0.035,0.035,5,400,50,100,2,50,9,70000,5,20,300,0.25,20,20,,,,,20,100,"CIVILIAN, TRANSPORT","rare_bp, merc, req_military",,0.5,2,3,,307.5
Revenant,revenant,Phase Tender,High Tech,flarelauncher_active,20,6000,900,6000,"shi, CIV",400,45,,60,40,20,12,12,1400,PHASE,phasecloak,90,,,0.035,0.035,30,80,600,1800,3,600,8,160000,3,20,420,0.25,30,30,40,200,60,300,,,"CIVILIAN, TANKER, FREIGHTER","rare_bp, merc, req_military",,0.5,2,3,,411.3
,,,,,,,,,,,,,,,,,,,,,,,,,,,,,,,,,,,,,,,,,,,,,,,,,,,,,
,,,,,,,,,,,,,,,,,,,,,,,,,,,,,,,,,,,,,,,,,,,,,,,,,,,,,
Lumen,lumen,Droneship,Remnant,displacer,4,1000,150,2000,"shi, pts, log",200,40,,140,250,200,90,270,150,OMNI,,150,0.4,0.8,,,0,0,40,40,1,40,10,30000,5,10,240,0.25,4,4,,,,,,,"UNBOARDABLE, HIDE_IN_CODEX","remnant, auto_rec",,0.5,2,2,,226
Glimmer,glimmer,Droneship,Remnant,highenergyfocus,5,1500,200,2500,"shi, pts, log",250,55,,130,250,200,90,270,200,OMNI,,150,0.4,0.8,,,0,0,50,40,1,40,10,30000,5,10,240,0.25,5,5,,,,,,,"UNBOARDABLE, HIDE_IN_CODEX","remnant, auto_rec",,0.5,2,2,,227
,,,,,,,,,,,,,,,,,,,,,,,,,,,,,,,,,,,,,,,,,,,,,,,,,,,,,
Monitor,monitor,Frigate,Midline,fortressshield,6,1500,175,8000,flu,240,30,,105,120,100,60,120,200,OMNI,,300,0.5,0.8,,,15,30,30,20,1,20,10,25000,8,10,240,0.25,6,6,,,,,,,,"rare_bp, hist2t, merc, ind",,0.5,2,2,,214
,,,,,,,,,,,,,,,,,,,,,,,,,,,,,,,,,,,,,,,,,,,,,,,,,,,,,
Enforcer,enforcer,Destroyer,Low Tech,burndrive,8,6000,900,4000,"pts, mob",200,110,,60,60,40,30,20,500,OMNI,,150,0.4,1,,,60,100,90,90,3,30,9,38000,5,12,420,0.25,9,9,,,,,,,,"lowtech_bp, merc, ind",,0.4,2,3,,303
Manticore,manticore,Destroyer,Low Tech,canister_flak,10,5000,750,5000,pts,250,90,,80,70,50,30,50,400,OMNI,,150,0.4,1,,,50,80,80,50,2,25,9,45000,5,12,420,0.25,12,12,,,,,,,,"rare_bp, merc, ind",,0.4,2,3,,303.5
Condor,condor,Light Carrier,Low Tech,fastmissileracks,9,5000,500,2200,"op, ppt",110,45,2,60,30,20,20,10,400,OMNI,,120,0.4,1.2,,,90,150,120,30,2,15,9,32000,5,10,420,0.25,10,10,,,,,,,CARRIER,"base_bp, ind",,0.5,2,3,,302
Gemini,gemini,Combat Freighter,Midline,reservewing,7,4500,250,2700,"op, ppt, dp, pts",170,90,1,60,35,15,25,20,400,OMNI,,150,0.4,0.8,,,55,120,250,70,2,35,9,36000,4,8,360,0.25,8,8,28,125,,,,,,"midline_bp, ind",,0.6,2,3,,305
Buffalo Mk.II,buffalo2,Destroyer,Low Tech,flarelauncher,4,5000,450,2250,"dur, mob",100,70,,80,60,40,25,30,300,NONE,,0,0,0,,,20,40,20,30,2,15,9,18000,5,10,120,0.25,4,4,,,,,,,,"base_bp, ind",,0.6,2,3,,308
Mule,mule,Combat Freighter,Low Tech,maneuveringjets,5,5500,650,3000,"dp, log",150,80,,60,40,30,20,15,500,OMNI,,120,0.4,1,,,40,100,250,80,2,40,9,17000,5,10,420,0.25,6,6,36,125,,,,,,"base_bp, ind",,0.5,2,3,,310
Sunder,sunder,Destroyer,Midline,highenergyfocus,10,4000,400,7500,dur,500,105,,90,80,60,30,30,350,FRONT,,300,0.4,1.2,,,50,70,80,50,2,25,9,45000,5,15,300,0.25,11,11,,,,,,,,"midline_bp, merc, ind",,0.5,2,3,,301
Harbinger,harbinger,Phase Destroyer,High Tech,acausaldisruptor,12,4000,650,5000,"dp, log",500,95,,100,75,50,30,30,400,PHASE,phasecloak,90,,,0.05,0.04,25,50,60,100,2,50,9,60000,5,30,300,0.25,14,14,,,,,,,,"rare_bp, merc, ind",,0.5,2,3,,314
Shrike,shrike,Light Destroyer,High Tech,microburn,8,2800,250,5400,"mob, pts",350,85,,110,100,80,35,80,250,OMNI,,150,0.3,0.7,,,20,40,40,60,2,30,10,20000,5,15,300,0.25,8,8,,,,,,,,"hightech_bp, merc, ind",,0.7,2,3,,319
,,,,,,,,,,,,,,,,,,,,,,,,,,,,,,,,,,,,,,,,,,,,,,,,,,,,,
Bastillon,bastillon,Drone,Explorarium,canister_flak,8,6250,950,3500,"dur, pts, op, log",250,95,,100,60,40,20,20,400,NONE,,0,0,0,,,0,0,200,100,1,100,8,40000,5,10,540,0.25,8,8,,,,,,,"UNBOARDABLE, HIDE_IN_CODEX","derelict, auto_rec",,0.5,2,3,,315
Berserker,berserker,Drone,Explorarium,ammofeed,8,6250,975,3400,"dur, pts, op, log",225,95,,105,65,35,18,18,450,NONE,,0,0,0,,,0,0,200,100,1,100,8,40000,5,10,540,0.25,8,8,,,,,,,"UNBOARDABLE, HIDE_IN_CODEX","derelict, auto_rec",,0.5,2,3,,316
,,,,,,,,,,,,,,,,,,,,,,,,,,,,,,,,,,,,,,,,,,,,,,,,,,,,,
Falcon,falcon,Light Cruiser,Midline,maneuveringjets,10,6000,750,7000,"flu, dp, pts",350,125,,80,70,50,20,25,650,FRONT,,270,0.4,0.8,,,100,180,120,100,3,33,9,80000,4,12,480,0.25,15,15,,,,,,,,"midline_bp, merc, ind",,0.5,2,3,,400
Eagle,eagle,Cruiser,Midline,maneuveringjets,14,8000,1000,11000,"flu, dp",600,155,,60,40,30,15,20,1200,FRONT,,270,0.4,0.8,,,150,250,150,100,3,33,8,100000,3,12,480,0.25,22,22,,,,,,,,"rare_bp, merc, ind",,0.5,2,3,,401
Venture,venture,Cruiser,Low Tech,fastmissileracks,10,10000,1250,7000,log,300,115,1,40,15,10,12,6,1500,OMNI,,120,0.4,1,,,50,300,600,180,3,60,7,70000,5,10,540,0.25,14,14,,,,,,,,"base_bp, merc, ind",,0.4,2,3,,402
Eradicator,eradicator,Fast Cruiser,Low Tech,ammofeed,13,9000,1200,9000,dp,400,150,,70,50,40,15,20,1800,OMNI,,150,0.4,1,,,120,170,100,120,4,30,9,100000,4,12,540,0.25,20,20,,,,,,,,"rare_bp, merc, ind",,0.5,2,4,,404.5
Fury,fury,Light Cruiser,High Tech,microburn,13,5000,600,9000,"mob, pts",600,130,,105,100,80,30,60,650,OMNI,,180,0.3,0.7,,,60,120,60,80,3,27,9,115000,4,12,420,0.25,20,20,,,,,,,,"hightech_bp, merc, ind",,0.7,2,3,,415
,,,,,,,,,,,,,,,,,,,,,,,,,,,,,,,,,,,,,,,,,,,,,,,,,,,,,
Drover,drover,Light Carrier,Midline,reservewing,12,4250,400,3000,"op, ppt",225,80,2,75,60,50,25,25,450,FRONT,,300,0.4,0.8,,,90,150,40,40,2,20,9,52000,5,15,300,0.25,14,14,,,,,,,"CARRIER, COMBAT","midline_bp, merc, ind",,0.5,2,3,,318
Fulgent,fulgent,Droneship,Remnant,highenergyfocus,10,5000,450,5000,"shi, mob, dp, pts, log",300,100,,95,150,100,60,100,500,OMNI,,150,0.3,0.8,,,0,0,80,60,2,30,10,40000,5,15,420,0.25,10,10,,,,,,,"UNBOARDABLE, HIDE_IN_CODEX","remnant, auto_rec",,0.5,2,3,,317
Scintilla,scintilla,Droneship Carrier,Remnant,recalldevice,11,5000,350,4000,"shi, ppt, hull",200,75,2,60,60,25,20,15,500,OMNI,,270,0.3,0.8,,,0,0,40,60,2,30,9,50000,5,15,360,0.25,12,12,,,,,,,"UNBOARDABLE, HIDE_IN_CODEX, CARRIER","remnant, auto_rec",,0.5,2,3,,317
,,,,,,,,,,,,,,,,,,,,,,,,,,,,,,,,,,,,,,,,,,,,,,,,,,,,,
Aurora,aurora,Cruiser,High Tech,plasmajets,17,8000,800,11000,"mob, shi",800,165,,80,100,50,50,50,1800,OMNI,,240,0.5,0.6,,,75,200,150,90,3,30,8,200000,4,20,420,0.25,30,30,,,,,,,,"rare_bp, hist2t, merc, ind",,0.6,2,3,,405
Brilliant,brilliant,Droneship Cruiser,Remnant,flarelauncher_active,14,8000,900,10000,"shi, dp, pts, hng, sys",600,150,1,60,35,30,20,25,2000,OMNI,,270,0.4,0.8,,,0,0,120,90,3,30,8,140000,5,15,480,0.25,22,22,,,,,,,"UNBOARDABLE, HIDE_IN_CODEX","remnant, auto_rec",,0.5,2,3,,413
Apex,apex,Heavy Droneship,Remnant,drone_strike,15,12000,1100,12000,"shi, dp, pts",550,155,2,50,35,30,12,20,3000,FRONT,,180,0.4,0.8,,,0,0,120,90,4,30,8,170000,5,15,480,0.25,25,25,,,,,,,"UNBOARDABLE, HIDE_IN_CODEX","remnant, auto_rec",,0.5,2,3,,414
Dominator,dominator,Heavy Cruiser,Low Tech,burndrive,15,14000,1500,10000,10000,500,200,,30,30,20,12,12,2250,FRONT,,150,0.4,1,,,200,300,150,150,5,30,8,125000,4,12,540,0.25,25,25,,,,,,,,"lowtech_bp, merc, ind",,0.4,2,3,,404
,,,,,,,,,,,,,,,,,,,,,,,,,,,,,,,,,,,,,,,,,,,,,,,,,,,,,
Apogee,apogee,Cruiser,High Tech,flarelauncher_active,14,9000,750,12000,"dp, shi",700,140,,60,40,30,20,25,2000,FRONT,,360,0.6,0.6,,,150,450,400,200,2,100,8,140000,3,15,480,0.25,18,18,,,,,,,,"rare_bp, merc, ind",,0.6,2,3,,403
Doom,doom,Phase Cruiser,High Tech,mine_strike,22,8000,1250,10000,"dp, pts",900,145,,75,55,40,20,25,1200,PHASE,phasecloak,,,,0.05,0.05,50,100,120,150,3,50,8,250000,4,30,420,0.25,40,40,,,,,,,,"rare_bp, hist2t, merc, kanta_gift",,0.5,2,3,,406
Grendel,grendel,Phase Cruiser,Low Tech,burndrive,14,13000,1300,6000,"op, dur, sys",600,180,,60,60,60,15,20,1000,PHASE,phasecloak,,,,0.05,0.08,180,240,100,75,3,25,8,100000,5,20,540,0.25,18,18,,,,,,,,rare_bp,,0.7,3,4,,406.5
Heron,heron,Fast Carrier,Midline,targetingfeed,14,6000,750,5000,"role, op, pts",300,115,3,80,60,40,20,25,800,OMNI,,180,0.5,0.8,,,150,250,90,60,3,20,8,120000,3,12,420,0.25,20,20,,,,,,,"CARRIER, COMBAT, NO_AUTO_ESCORT","midline_bp, merc, ind",,0.5,2,3,,407
Mora,mora,Carrier,Low Tech,damper,15,10000,1250,4000,op,200,140,3,45,20,10,10,10,2000,OMNI,,150,0.4,1,,,200,300,100,60,4,15,8,125000,4,12,480,0.25,20,20,,,,,,,"CARRIER, COMBAT, NO_AUTO_ESCORT","lowtech_bp, merc, ind",,0.4,2,3,,410
Colossus Mk.II,colossus2,Modified Freighter,Luddic Path,burndrive,6,6000,800,3250,"pts, dp, log",180,55,,50,25,10,12,12,1400,FRONT,,150,0.5,1,,,30,120,300,60,4,15,7,25000,3,20,480,0.25,6,6,,,,,,,ALWAYS_PANIC,"rare_bp, LP_bp",,0.6,2,3,,411.1
Colossus Mk.III,colossus3,Modified Freighter,Pirate,flarelauncher,6,6000,800,3250,"pts, dp, log",180,55,,50,25,10,12,12,1400,FRONT,,150,0.5,1,,,40,160,300,60,4,15,7,25000,3,20,480,0.25,6,6,,,,,,,"CARRIER, COMBAT","rare_bp, pirate_bp",,0.6,2,3,,411.2
,,,,,,,,,,,,,,,,,,,,,,,,,,,,,,,,,,,,,,,,,,,,,,,,,,,,,
Rampart,rampart,Drone,Explorarium,burndrive,16,15000,1750,10000,"dur, op, dp, mob",450,150,,50,35,25,12,10,2100,NONE,,0,0,0,,,0,0,400,200,2,100,8,130000,5,12,600,0.25,25,25,,,,,,,"UNBOARDABLE, HIDE_IN_CODEX","derelict, auto_rec",,0.5,2,3,,412
,,,,,,,,,,,,,,,,,,,,,,,,,,,,,,,,,,,,,,,,,,,,,,,,,,,,,
Onslaught,onslaught,Battleship,Low Tech,burndrive,25,20000,1750,21000,flu,800,360,,25,10,10,4,4,3500,FRONT,,180,0.4,1,,,750,1500,300,400,15,27,7,350000,3,12,720,0.25,40,40,,,,,,,,"rare_bp, merc",,0.4,2,4,,500
Legion,legion,Battlecarrier,Low Tech,burndrive,25,18000,1650,12000,op,500,320,4,30,15,15,6,6,3500,FRONT,,180,0.4,1,,,700,1500,300,300,15,20,7,375000,3,12,720,0.25,40,40,,,,,,,"CARRIER, COMBAT, NO_AUTO_ESCORT","rare_bp, merc",,0.4,2,4,,507
Atlas Mk.II,atlas2,Modified Superfreighter,Pirate,ammofeed,14,9000,750,8000,"dp, pts",350,220,,30,8,4,4,2,4000,OMNI,,60,0.5,1,,,250,300,200,400,10,40,7,150000,2,20,720,0.25,20,20,,,,,,,,rare_bp,,0.7,2,4,,502.5
Astral,astral,Carrier,High Tech,recalldevice,27,10000,900,22000,"op, flu, hull",600,300,6,30,15,10,7,4,3000,FRONT,,360,0.7,0.6,,,450,1000,250,200,10,20,7,400000,3,15,600,0.25,50,50,,,,,,,"CARRIER, COMBAT, NO_AUTO_ESCORT","rare_bp, merc",,0.6,2,4,,501
Conquest,conquest,Battlecruiser,Midline,maneuveringjets,25,12000,1200,20000,shi,1200,315,,45,20,15,6,4,2500,OMNI,,150,0.4,1.2,,,400,500,300,300,10,30,8,300000,3,15,600,0.25,40,40,,,,,,,,"rare_bp, merc",,0.5,2,4,,503
Paragon,paragon,Battleship,High Tech,fortressshield,30,18000,1500,25000,flu,1400,370,,30,15,10,5,5,3500,OMNI,,360,0.6,0.6,,,400,1000,300,300,10,30,7,500000,4,20,720,0.25,60,60,,,,,,,,"rare_bp, hist3t, merc",,0.6,2,4,,504
Odyssey,odyssey,Battlecruiser,High Tech,microburn,26,10000,1000,15000,shi,1000,280,2,70,50,40,8,12,2500,OMNI,,180,0.25,0.8,,,400,800,400,450,8,56,8,330000,4,20,600,0.25,45,45,,,,,,,,"rare_bp, hist3t, merc",,0.6,2,4,,505
Prometheus Mk.II,prometheus2,Modified Tanker,Luddic Path,burndrive,17,15000,1500,10500,"dp, pts",450,240,2,50,16,10,4,4,4000,OMNI,,180,0.5,1.2,,,250,300,200,800,10,80,7,200000,2,20,720,0.25,25,25,,,,,,,ALWAYS_PANIC,rare_bp,,0.75,3,5,,506.5
Unconquered,invictus,Dreadnought,Low Tech,lidararray,28,40000,10000,40000,"pts, dp, log, flu",600,240,,35,15,15,4,4,5000,PHASE,canister_flak,0,0,0,,,2000,3000,1000,800,20,40,6,350000,3,12,1200,0.25,50,50,,,,,,,NEVER_DODGE_MISSILES,rare_bp,,0.2,2,2,,511
Pegasus,pegasus,Battleship,Midline,fastmissileracks,28,17000,1500,14000,"mob, pts",500,365,,50,35,25,6,6,3000,FRONT,,270,0.4,0.8,,,500,600,400,300,10,30,7,400000,4,12,720,0.25,50,50,,,,,,,,"rare_bp, merc",,0.5,2,4,,512
Retribution,retribution,Battlecruiser,Low Tech,orion_device,20,14000,1400,15000,"dur, shi",700,260,,75,50,40,10,10,2500,OMNI,,120,0.2,1.2,,,300,400,200,300,10,30,8,200000,3,12,600,0.25,35,35,,,,,,,,rare_bp,,0.5,2,4,,513
,,,,,,,,,,,,,,,,,,,,,,,,,,,,,,,,,,,,,,,,,,,,,,,,,,,,,
Nova,nova,Drone Battlecruiser,Remnant,nova_burst,25,12000,1000,18000,shi,1000,280,,80,70,50,12,16,3000,FRONT,,210,0.4,0.8,,,0,0,150,300,10,30,8,350000,3,15,600,0.25,40,40,,,,,,,"UNBOARDABLE, HIDE_IN_CODEX","remnant, auto_rec",,0.5,2,4,,514
Radiant,radiant,Drone Battleship,Remnant,displacer,30,20000,1500,25000,"shi, flu",1250,320,,40,30,20,7,10,3500,OMNI,,270,0.4,0.8,,,0,0,250,400,15,40,7,500000,3,15,720,0.25,60,60,,,,,,,"UNBOARDABLE, HIDE_IN_CODEX","remnant, auto_rec",,0.4,2,4,,509
,,,,,,,,,,,,,,,,,,,,,,,,,,,,,,,,,,,,,,,,,,,,,,,,,,,,,
Guardian,guardian,Drone Battlecruiser,Explorarium,plasmajets,30,20000,1700,25000,"shi, flu, dp, hull, sys, TAG",1500,350,,40,60,40,11,15,3500,FRONT,,200,0.4,1.4,,,0,0,600,800,0,,8,500000,3,12,720,0.25,60,60,,,,,,,"UNBOARDABLE, HIDE_IN_CODEX","derelict, auto_rec",,0.4,2,4,,508
Ziggurat,ziggurat,Phase Vessel,High Tech,mote_control,40,14000,1500,16000,30000,1200,260,,40,50,50,20,30,2400,PHASE,phasecloak,,,,0.02,0.02,300,400,200,500,10,50,7,10000000,3,50,600,0.25,75,75,,,,,,,HIDE_IN_CODEX,,,0.4,2,3,,510
,,,,,,,,,,,,,,,,,,,,,,,,,,,,,,,,,,,,,,,,,,,,,,,,,,,,,
,aspect,Aspect,Unknown,,,300,150,2000,"dur, flu",250,0,,350,350,350,120,360,50,NONE,,0,0,0,,,0,0,,,,,,,,,,,,,,,,,,,HIDE_IN_CODEX,,,0,,,,119
,shard_left,Sinistral Shard,Unknown,microburn_omega,12,1000,250,4000,"dur, flu",550,50,,200,250,200,120,360,200,OMNI,,150,0,0.5,,,0,0,10,50,1,50,12,100000,20,5,,,6,6,,,,,,,"UNBOARDABLE, HIDE_IN_CODEX","omega, no_autofit, restricted",,0.5,2,2,,229
,shard_right,Dextral Shard,Unknown,microburn_omega,12,1000,250,4000,"dur, flu",550,50,,200,250,200,120,360,200,OMNI,,150,0,0.5,,,0,0,10,50,1,50,12,100000,20,5,,,6,6,,,,,,,"UNBOARDABLE, HIDE_IN_CODEX","omega, no_autofit, restricted",,0.5,2,2,,230
,facet,Facet,Unknown,damper_omega,20,2500,400,13000,"dur, flu",1000,140,,120,150,150,60,180,400,OMNI,,150,0,0.5,,,0,0,20,100,2,50,11,200000,20,5,,,12,12,,,,,,,"UNBOARDABLE, HIDE_IN_CODEX","omega, no_autofit, restricted",,0.5,2,3,,320
,tesseract,Tesseract,Unknown,temporalshell,40,5000,750,20000,"dur, flu",2000,180,,100,120,120,45,135,2000,OMNI,,150,0,0.5,,,0,0,40,150,3,50,11,500000,20,5,,,24,24,,,,,,,"UNBOARDABLE, HIDE_IN_CODEX","omega, no_autofit, restricted",,0.5,2,3,,416
,,,,,,,,,,,,,,,,,,,,,,,,,,,,,,,,,,,,,,,,,,,,,,,,,,,,,
,derelict_mothership_pod_s_right,"Gun Pod, Small",,,1,6500,800,1000,dur,100,14,,0,0,0,10,10,70,NONE,,0,0,0,,,0,0,0,0,1,0,,500000,,1,,,0,0,,,,,,,"UNBOARDABLE, HIDE_IN_CODEX",,,0.5,2,2,,2101
,derelict_mothership_pod_m_right,"Gun Pod, Medium",,,1,7500,900,1500,dur,200,22,,0,0,0,10,10,120,NONE,,0,0,0,,,0,0,0,0,1,0,,500000,,1,,,0,0,,,,,,,"UNBOARDABLE, HIDE_IN_CODEX",,,0.5,2,2,,2102
,derelict_mothership_pod_m_left,"Gun Pod, Medium",,,1,8200,900,2000,dur,200,26,,0,0,0,10,10,150,NONE,,0,0,0,,,0,0,0,0,1,0,,500000,,1,,,0,0,,,,,,,"UNBOARDABLE, HIDE_IN_CODEX",,,0.5,2,2,,2103
,derelict_mothership_pod_engine_left,"Gun Pod, Rear",,,1,8200,900,2000,dur,200,28,,0,0,0,10,10,220,NONE,,0,0,0,,,0,0,0,0,1,0,,500000,,1,,,0,0,,,,,,,"UNBOARDABLE, HIDE_IN_CODEX",,,0.5,2,2,,2104
,derelict_mothership_bow_module,Bow Shield Module,,,1,8000,1100,3000,dur,250,16,,0,0,0,10,10,200,NONE,,0,0,0,,,0,0,0,0,1,0,,500000,,1,,,0,0,,,,,,,"UNBOARDABLE, HIDE_IN_CODEX",,,0.5,2,2,,2105
,derelict_mothership_sensor_mast,Bow Sensor Mast,,,1,10000,900,3000,dur,250,32,,0,0,0,10,10,280,NONE,,0,0,0,,,0,0,0,0,1,0,,500000,,1,,,0,0,,,,,,,"UNBOARDABLE, HIDE_IN_CODEX",,,0.7,2,2,,2106
,,,,,,,,,,,,,,,,,,,,,,,,,,,,,,,,,,,,,,,,,,,,,,,,,,,,,
,remnant_shield1,Remnant Station Citadel,,,1,6000,1250,7000,shi,400,1000,,0,0,0,10,10,500,FRONT,,50,0.4,1,,,0,0,0,0,1,0,,500000,,1,,,0,0,,,,,,,"UNBOARDABLE, HIDE_IN_CODEX",,,0.5,2,2,,2230
,remnant_shield2,Remnant Station Citadel,,,1,5000,500,20000,shi,1000,1000,,0,0,0,10,10,600,FRONT,,90,0.4,1,,,0,0,0,0,1,0,,500000,,1,,,0,0,,,,,,,"UNBOARDABLE, HIDE_IN_CODEX",,,0.5,2,2,,2231