id,name,order,tier,reqPoints,reqPointsPerExtraSkill,description,author,combat officer,admiral,admin,tags,icon,
systems_expertise,Systems Expertise,90,5,1,2,"No, I don't think it's a contradiction. It's a, uh, spiritual journey. You're tested. And it's like they say, the Devil is in the details.","""Ludd's Footsoldiers"" holodoc, interview with Pather engineer",TRUE,,,,graphics/icons/skills/systems_expertise.png,
missile_specialization,Missile Specialization,100,5,1,2,My colleagues don�t appreciate their whimsy. You get all these little spaceships to break all the rules with because there's no need to survive the landing.,"Exit interview of K. Astraia, former ordnance designer, Culann Starforge",TRUE,,,missile_weapons,graphics/icons/skills/missile_specialization2.png,
,,,,,,,,,,,,,
officer_training,Officer Training,560,4,2,,"They may be a 'rag-tag gang of merchants, smugglers, and pirates', but if you give them something to fight for, I think they might surprise you.","Navarch Nurul Park, comment upon integration of the Cibolan navy",,TRUE,,,graphics/icons/skills/officer_training.png,
officer_management,Officer Management,570,4,2,,"The outlook was grim, so I promised the merc captains double combat bonus. With all the casualties I only had to pay out to half of them. Worked out fine.","Carson Kang, GM of Valhalla fleet division, Tri-Tachyon",,TRUE,,,graphics/icons/skills/officer_management.png,
best_of_the_best,Best of the Best,580,5,3,2,"What we have, Artemisia, is something that cannot be bought.",Orcus Rao at the negotiations ending the Second AI War (apocryphal),,TRUE,,,graphics/icons/skills/best_of_the_best.png,
support_doctrine,Support Doctrine,590,5,3,2,"Not every cadet has talent, skill, or even two brain cells to rub together, but by hell and radiation they'll graduate with discipline.","unattributed comment by Coatl Academy staff, COMSEC archives",,TRUE,,,graphics/icons/skills/space_ops.png,
force_concentration,Force Concentration,590,5,3,2,When I provide victory at the time and place of my choosing history shall absolve me of the sacrifice of a planet or two.,"Fleet Admiral Andrada, address to the Hegemony Strategic Assembly ",,TRUE,,"npc_only, deprecated",graphics/icons/skills/space_ops.png,
,,,,,,,,,,,,,
automated_ships,Automated Ships,1090,4,2,0,[REDACTED],Hegemony COMSEC,,,,,graphics/icons/skills/automated_ships.png,
neural_link,Neural Link,1075,5,3,2,Why should a captain go down with their ship? The Tri-Tachyon corporation does not waste top talent.,"VP Operations Nereid De Jong at unveiling ceremony for ""Project Heket""",,,,,graphics/icons/skills/neural_link.png,
cybernetic_augmentation,Cybernetic Augmentation,1080,5,3,2,Don't listen to those weepy crypto-Luddics on the ethics board; the rejection rate is nowhere near what the rumors imply.,"""Doctor"" Wyatt Cydonia (alias), COMSEC intercept",,TRUE,,,graphics/icons/skills/cybernetic_augmentation.png,
,,,,,,,,,,,,,
derelict_contingent,Derelict Operations,1590,5,3,2,"They think we're trash, the execs and admirals in their shiny starships. They threw us away the second it went bad. But it's us the Sector got built on and it's us that'll cut 'em down.","anonymous pirate agitator, HEGINT surveillance feed ",,TRUE,,player_only,graphics/icons/skills/derelict_contingent.png,
hull_restoration,Hull Restoration,1580,5,3,2,There's no hull a true spacer can't make home.,"Sol Secondshift, veteran salvor",,,,,graphics/icons/skills/recovery_ops.png,