{
	"PIRATES":
	[
		"Dread Knight",
		"Confused Cheese",
		"Dark Underlord",
		"Servant of N'Zoth",
		"Carries Bombs",
		"Mr Sinister",
	],
	"DIKTAT":[
		"Moonfall Orion",
		"Paladin of Volturn",
		"Fireslayer",
		"Subvertor of Destiny",
		"True Intent",
		"Honest Godhood",
		"Viva la Revolution",
		"Life Against Death",
		"Unbound Soulstaff",
	],
	"HEGEMONY":[
		"Lonely Stalker",
		"Bladed Zealot",
		"Lower Templar",
		"Purifying Ray",
		"MF Doom",
		"50 Subnanocredits",
		"Space Gorilla",
		"Deltron",
	],
	"LUDDIC_CHURCH":
	[
		"Restoration of Eden",
		"Deaf Angel",
		"Holy Stereo",
		"Monothematic",
	],
	"LUDDIC_PATH":
	[
		"Domain's True Echo",
		"Memory Loss",
		"Fear the End",
		"Prophecy of Restoration",
		"Stupidity Arisen",
		"Irony of Fate",
		"Double Edged Blade",
		"Killing Pace",
		"Stampede of Destiny",
	],
	"BEASTS":
	[
		"Roc",
		"Bigfoot",
		"Chupacabra",
		"Mothman",
		"Godzilla",
		"Grey Alien",
	],
}
