{
	"id":"dumb_tweaks",
	"name":"Difficulty Tweak",
	"author":"Krill",
	"version":"2A",
	"description":"it's bleak",
	"gameVersion":"0.97a-RC11",
	
	"replace": [	
	"data/characters/skills/best_of_the_best.skill",
	"data/characters/skills/cybernetic_augmentation.skill",
	"data/characters/skills/electronic_warfare.skill",
	"data/characters/skills/phase_corps.skill",
	"data/characters/skills/support_doctrine.skill",
	
	"data/hullmods/FrontShieldEmitter.java",
	"data/hullmods/IllAdvised.java",
	"data/hullmods/ShieldShunt.java",
	"data/hullmods/ExpandedMagazines.java",
	"data/hullmods/AdvancedTurretGyros.java",

	"data/weapons/proj/gorgon.proj",
	"data/hulls/skin/mudskipper2.skin",
	"data/hulls/guardian.ship",
	"data/hulls/grendel.ship",
	"data/hulls/drover.ship",
	"data/hulls/fulgent.ship",
	"data/hulls/talon.ship",
	
	"data/variants/derelict/guardian_Standard.variant",
	"data/variants/legion/legion_xiv_Automated.variant",
	"data/variants/fighters/gladius_Fighter.variant",
	"data/variants/fighters/sarissa_Fighter.variant",
	"data/variants/fighters/warthog_Fighter.variant",
	"data/variants/fighters/lux_Fighter.variant",
	"data/variants/hyperion_Attack.variant",
	"data/variants/hyperion_Strike.variant",
	"data/variants/remnant/brilliant_Standard",
	"data/variants/remnant/grendel_Assault",
	"data/variants/remnant/grendel_Support",
	
	#"data/shipsystems/displacer.system",
	#"data/shipsystems/displacer_degraded.system",
	#"data/shipsystems/temporalshell.system",
	]
}
