{
	"id":"dumb_tweaks",
	"name":"Difficulty Tweak",
	"author":"Krill",
	"version":"2A-b-a",
	"description":"it's bleak",
	"gameVersion":"0.97a-RC11",
	
	"replace": [	
	"data/characters/skills/best_of_the_best.skill",
	"data/characters/skills/cybernetic_augmentation.skill",
	"data/characters/skills/electronic_warfare.skill",
	"data/characters/skills/phase_corps.skill",
	"data/characters/skills/support_doctrine.skill",
	
	"data/hullmods/FrontShieldEmitter.java",
	"data/hullmods/IllAdvised.java",
	"data/hullmods/ShieldShunt.java",
	"data/hullmods/ExpandedMagazines.java",
	"data/hullmods/AdvancedTurretGyros.java",

	"data/weapons/proj/gorgon.proj",
	"data/hulls/skin/mudskipper2.skin",
	"data/hulls/guardian.ship",
	"data/hulls/grendel.ship",
	"data/hulls/drover.ship",
	"data/hulls/fulgent.ship",
	"data/hulls/talon.ship",
	
	"data/variants/derelict/guardian_Standard.variant",
	"data/variants/legion/legion_xiv_Automated.variant",
	"data/variants/fighters/gladius_Fighter.variant",
	"data/variants/fighters/sarissa_Fighter.variant",
	"data/variants/fighters/warthog_Fighter.variant",
	"data/variants/fighters/lux_Fighter.variant",
	"data/variants/hyperion_Attack.variant",
	"data/variants/hyperion_Strike.variant",
	"data/variants/remnant/brilliant_Standard.variant",
	"data/variants/grendel_Assaul.variantt",
	"data/variants/grendel_Support.variant",

	"data/variants/fury_Attack.variant",
	"data/variants/fury_Support.variant",
	"data/variants/eradicator/eradicator_Overdriven.variant",
	"data/variants/eradicator/eradicator_pirates_Overdriven.variant",
	"data/variants/falcon/falcon_Attack.variant",
	
	"data/world/factions/hegemony.faction",
	"data/world/factions/tritachyon.faction",
	
	#"data/shipsystems/displacer.system",
	#"data/shipsystems/displacer_degraded.system",
	#"data/shipsystems/temporalshell.system",
	
	#MODIFIED ECCM
	"data/variants/falcon/falcon_p_Strike.variant",
	"data/variants/omega/facet_Missile.variant",
	"data/variants/omega/facet_Shieldbreaker.variant",
	"data/variants/pegasus/pegasus_Balanced.variant",
	"data/variants/remnant/apex_Missile.variant",
	"data/variants/shrike_Support.variant",
	"data/variants/vigilance_AP.variant",
	"data/variants/vigilance_Standard.variant",
	"data/variants/vigilance_Support1.variant",
	]
}
