id,rating,detection_range,type,autoXP,xpDiscover,xpSalvage,tags,drop_value,drop_random,defFaction,defQuality,probDefenders,minStr,maxStr,minSize,maxSize,probStation,stationRole
derelict_probe,0.25,1700,DISCOVERABLE,700,500,1500,,basic:10000,"ai_cores1:3,
extended:2x3000",derelict,0,0.5,9,60,,2,,
derelict_survey_ship,0.5,2700,DISCOVERABLE,1200,2000,6000,,basic:30000,"ai_cores2:5,
ai_cores3:1,
extended:6x5000,
rare_tech_low:2",derelict,0.5,0.5,21,120,,3,,
derelict_mothership,1,3500,DISCOVERABLE,2200,5000,20000,,basic:150000,"ai_cores3:5,
extended:10x15000,
rare_tech_mothership:1",derelict,1,1,90,120,,3,1,derelictMothership
,,,,,,,,,,,,,,,,,,
ruins_scattered,0.25,,,700,,700,"not_a_custom_entity, no_debris, no_remove",basic:5000,"extended:10x3000,
hab_bulk:2x12000,
blueprints_low:0.125,
rare_tech_low:0.0125,
ai_cores3:0.125,
any_hullmod_low:0.125,
weapons2:.625,
techmining_first_find:.625,",,,,,,,,,
ruins_widespread,0.5,,,1200,,1200,"not_a_custom_entity, no_debris, no_remove",basic:10000,"extended:10x5000,
hab_bulk:2x20000,
blueprints_low:0.25,
rare_tech_low:0.025,
ai_cores3:0.25,
any_hullmod_low:0.25,
weapons2:1.25,
techmining_first_find:1.25,",,,,,,,,,
ruins_extensive,0.75,,,1700,,1700,"not_a_custom_entity, no_debris, no_remove",basic:20000,"extended:10x10000,
hab_bulk:2x50000,
blueprints_low:0.5,
rare_tech_low:0.05,
ai_cores3:0.5,
any_hullmod_low:0.5,
weapons2:2.5,
techmining_first_find:2.5,",,,,,,,,,
ruins_vast,1,,,2200,,2200,"not_a_custom_entity, no_debris, no_remove",basic:40000,"extended:10x20000,
hab_bulk:2x100000,
blueprints_low:1,
rare_tech_low:0.1,
ai_cores3:1,
any_hullmod_low:1,
weapons2:5,
techmining_first_find:5,",,,,,,,,,