id,name,order,tier,reqPoints,reqPointsPerExtraSkill,description,author,combat officer,admiral,admin,tags,icon,
systems_expertise,Systems Expertise,90,5,1,2,"No, I don't think it's a contradiction. It's a, uh, spiritual journey. You're tested. And it's like they say, the Devil is in the details.","""Ludd's Footsoldiers"" holodoc, interview with Pather engineer",TRUE,,,,graphics/icons/skills/systems_expertise.png,
missile_specialization,Missile Specialization,100,5,1,2,My colleagues don�t appreciate their whimsy. You get all these little spaceships to break all the rules with because there's no need to survive the landing.,"Exit interview of K. Astraia, former ordnance designer, Culann Starforge",TRUE,,,missile_weapons,graphics/icons/skills/missile_specialization2.png,
neural_link,Neural Link,1075,5,4,2,Why should a captain go down with their ship? The Tri-Tachyon corporation does not waste top talent.,"VP Operations Nereid De Jong at unveiling ceremony for ""Project Heket""",,,,,graphics/icons/skills/neural_link.png,
automated_ships,Automated Ships,1090,4,2,0,[REDACTED],Hegemony COMSEC,,,,,graphics/icons/skills/automated_ships.png,
,,,,,,,,,,,,,
derelict_contingent,Derelict Operations,1590,5,4,2,I WALKED HERE ALL THE WAY FROM EARTH,0,,TRUE,,player_only,graphics/icons/skills/derelict_contingent.png,
,,,,,,,,,,,,,
officer_training,Officer Training,560,4,2,,"They may be a 'rag-tag gang of merchants, smugglers, and pirates', but if you give them something to fight for, I think they might surprise you.","Navarch Nurul Park, comment upon integration of the Cibolan navy",,TRUE,,,graphics/icons/skills/officer_training.png,
officer_management,Officer Management,570,4,2,,"The outlook was grim, so I promised the merc captains double combat bonus. With all the casualties I only had to pay out to half of them. Worked out fine.","Carson Kang, GM of Valhalla fleet division, Tri-Tachyon",,TRUE,,,graphics/icons/skills/officer_management.png,
best_of_the_best,Best of the Best,580,5,3,1,"What we have, Artemisia, is something that cannot be bought.",Orcus Rao at the negotiations ending the Second AI War (apocryphal),,TRUE,,,graphics/icons/skills/best_of_the_best.png,
support_doctrine,Support Doctrine,590,5,3,1,"Not every cadet has talent, skill, or even two brain cells to rub together, but by hell and radiation they'll graduate with discipline.","unattributed comment by Coatl Academy staff, COMSEC archives",,TRUE,,,graphics/icons/skills/space_ops.png,